Type,SKU,Name,Published,Is featured?,Visibility in catalog,Short description,Description,Tax status,In stock?,Regular price,Categories,Tags,Images,Parent,Attribute 1 name,Attribute 1 value(s),Attribute 1 visible,Attribute 1 global,Attribute 2 name,Attribute 2 value(s),Attribute 2 visible,Attribute 2 global
variable,ABC-952,952 Zip-Front Post-Surgical Camisole with Drain Management,1,0,visible,"Post-surgical camisole features a zipper front and detachable shoulder clasp for easy step-in entry. For added comfort, zipper features a comfort strip pad to prevent zipper irritation. Velcro attachable pouches fasten to the interior elastic band for drain management. Two Velcro attachable drain pouches and two triangle puff leisure forms are included with every camisole. Ideal for use immediately following a mastectomy or anytime drain management is needed.","ABC’s Zip-Front Post Surgical Camisole with Drain Management features a zipper-front and detachable shoulder clasp for easy wear and accessibility. Our design prioritizes comfort, with features like comfort strip padding on zippers to protect sensitive skin from irritation. Complete with 2 velcro attachable drain pouches and 2 triangle puff leisure forms, this camisole set is perfect immediately following surgery.",taxable,1,,Recovery,Camisole,"https://americanbreastcare.com/wp-content/uploads/2019/05/952-beige.webp, https://americanbreastcare.com/wp-content/uploads/2019/05/952-white.webp, https://americanbreastcare.com/wp-content/uploads/2019/05/952-beige-2.webp",,Color,"Beige, Black, White",1,1,Size,"S, M, L, XL, XXL, XXXL, XXXXL",1,1
variation,ABC-952-V,952 Zip-Front Post-Surgical Camisole with Drain Management,1,,visible,,,taxable,1,35.10,,,,ABC-952,Color,,,1,Size,,,1
variable,ABC-619,619 Restore Bra,1,0,visible,Designed for the following:,"Ideal for recovery and compression maintenance Compression: Medium* The 619 Restore Bra is expertly tailored to deliver outstanding support throughout post-surgical care and beyond. Thoughtfully designed with medium compression, the garment enhances comfort and promotes recovery. It’s an effective solution for post-operative care, truncal compression, and lymphedema maintenance.",taxable,1,,Recovery,Bras,"https://americanbreastcare.com/wp-content/uploads/2024/12/619-black-bk-front-img2.webp, https://americanbreastcare.com/wp-content/uploads/2024/12/619-black-bk-strap-img1.webp, https://americanbreastcare.com/wp-content/uploads/2024/12/619-black-bk-zipper-img1.webp, https://americanbreastcare.com/wp-content/uploads/2024/12/619-black-bk-front-img1.webp, https://americanbreastcare.com/wp-content/uploads/2024/12/619-black-bk-back-img1.webp",,Color,Black,1,1,Size,"32 AA/A, 34 AA/A, 36 AA/A, 38 AA/A, 40 AA/A, 42 AA/A, 44 AA/A, 46 AA/A, 48 AA/A, 50 AA/A, 52 AA/A, 54 AA/A, 56 AA/A, 32 B/C, 34 B/C, 36 B/C, 38 B/C, 40 B/C, 42 B/C, 44 B/C, 46 B/C, 48 B/C, 50 B/C, 52 B/C, 54 B/C, 56 B/C, 32 D/E, 34 D/E, 36 D/E, 38 D/E, 40 D/E, 42 D/E, 44 D/E, 46 D/E, 48 D/E, 50 D/E, 52 D/E, 54 D/E, 56 D/E, 34 F/G, 36 F/G, 38 F/G, 40 F/G, 42 F/G, 44 F/G, 46 F/G, 48 F/G, 50 F/G, 52 F/G, 54 F/G, 56 F/G",1,1
variation,ABC-619-V,619 Restore Bra,1,,visible,,,taxable,1,57.00,,,,ABC-619,Color,,,1,Size,,,1
variable,ABC-519F,519F Compression Bra – Flat,1,0,visible,Designed for the following:,"Ideal for snug, secure truncal compression Compression: High* The ABC Compression Bra – Flat is an optimal choice for women who need a snug, secure fit for truncal lymphedema compression. It’s also ideal for women who have little to no tissue remaining on the chest wall, and bra cups aren’t needed. The fit of the bra is achieved through a flat, non-molded cup and sewn-in, reinforced side panels providing exceptional support.",taxable,1,,Recovery,Bras,"https://americanbreastcare.com/wp-content/uploads/2024/03/519-beige-be-img2.webp, https://americanbreastcare.com/wp-content/uploads/2024/03/519-beige-be-img1.webp, https://americanbreastcare.com/wp-content/uploads/2024/03/519-white-wh-img2.webp, https://americanbreastcare.com/wp-content/uploads/2024/03/519-white-wh-img1.webp, https://americanbreastcare.com/wp-content/uploads/2024/03/519-black-bk-img1.webp, https://americanbreastcare.com/wp-content/uploads/2024/03/519-black-bk-img2.webp",,Color,"Beige, Black, White",1,1,Size,"32 NM, 34 NM, 36 NM, 38 NM, 40 NM, 42 NM, 44 NM, 46 NM, 48 NM, 50 NM, 52 NM, 54 NM, 56 NM",1,1
variation,ABC-519F-V,519F Compression Bra – Flat,1,,visible,,,taxable,1,55.00,,,,ABC-519F,Color,,,1,Size,,,1
variable,ABC-519,519 Compression Bra,1,0,visible,"Ideal for use after a mastectomy, breast reduction, breast augmentation or reconstruction. Designed to stabilize breast tissue during the healing process and maintain the shape of the operated breast after breast surgery. Cotton blend gives a stretch-perfect fit and reinforced side panels provide exceptional support. Zipper front with hook and eye closure make this an easy-on, easy-off bra. Velcro cushion straps and wide elastic band provide a comfortable wear experience. Inside pockets are designed to hold a silicone or non-silicone breast form.","Ideal for recovery and truncal compression maintenance Compression: Medium* ABC’s Compression Bra is designed to stabilize breast tissue during the healing process and maintain breast shape post-surgery. Our soft cotton blend stretches for a comfortable fit while the reinforced side panels provide exceptional support. Our design features a zipper-front with hook & eye closure, velcro cushion straps, and wide elastic band for your comfort and ease of wear. Inner pockets make for simple insertion of breast forms/ shapers.",taxable,1,,Recovery,Bras,"https://americanbreastcare.com/wp-content/uploads/2019/05/519-Beige-2.webp, https://americanbreastcare.com/wp-content/uploads/2019/05/519-Black.webp, https://americanbreastcare.com/wp-content/uploads/2019/05/519-white.webp",,Color,"Beige, Black, White",1,1,Size,"32 AA/A, 34 AA/A, 36 AA/A, 38 AA/A, 40 AA/A, 42 AA/A, 44 AA/A, 46 AA/A, 48 AA/A, 50 AA/A, 52 AA/A, 54 AA/A, 56 AA/A, 32 B/C, 34 B/C, 36 B/C, 38 B/C, 40 B/C, 42 B/C, 44 B/C, 46 B/C, 48 B/C, 50 B/C, 52 B/C, 54 B/C, 56 B/C, 32 D/E, 34 D/E, 36 D/E, 38 D/E, 40 D/E, 42 D/E, 44 D/E, 46 D/E, 48 D/E, 50 D/E, 52 D/E, 54 D/E, 56 D/E, 36 F/G, 38 F/G, 40 F/G, 42 F/G, 44 F/G, 46 F/G, 48 F/G, 34 F/G, 50 F/G, 52 F/G, 54 F/G, 56 F/G",1,1
variation,ABC-519-V,519 Compression Bra,1,,visible,,,taxable,1,55.00,,,,ABC-519,Color,,,1,Size,,,1
variable,ABC-119,119 Velcro-Front Compression Bra,1,0,visible,"Ideal for use after a mastectomy, breast reduction, breast augmentation, or reconstruction. Designed to stabilize the breast tissue, this compression bra helps reduce any swelling that may occur after breast surgery. Velcro-front closure and adjustable straps make this an easy-on, easy-off bra. Inside pockets are designed to hold any type of breast form.","Ideal for use after a mastectomy, breast reduction, breast augmentation, or reconstruction Compression: Low to Moderate* ABC’s Velcro Compression Bra is designed to stabilize breast tissue, helping to reduce swelling that may occur after breast-surgery; great for use after mastectomy, breast reduction, breast augmentation, or reconstruction. Our design features a velcro-front closure, adjustable straps, and soft inner pockets that accommodate breast forms.",taxable,1,,Recovery,Bras,"https://americanbreastcare.com/wp-content/uploads/2019/05/119-white.webp, https://americanbreastcare.com/wp-content/uploads/2019/05/119-Back-White.png",,Color,White,1,1,Size,"XS, S, M, L, XL, XXL, Q, SQ",1,1
variation,ABC-119-V,119 Velcro-Front Compression Bra,1,,visible,,,taxable,1,54.00,,,,ABC-119,Color,,,1,Size,,,1
variable,ABC-960,960 Kalena Camisole,1,0,visible,"Created with a scooped neckline, foam cups & fully adjustable double straps that provide support and style. The Kalena Camisole sits nicely below hips to prevent rising & fits to flatter all body types. No bra needed. This pocketed camisole is designed for full support, with an integrated shelf bra to support breast forms and/or shapers.","Experience the soft-on-skin comfort & free flow flexibility of the Kalena Camisole. Perfect for layering or lounging, our camisole features high-quality design & versatility for today’s woman.",taxable,1,,Recovery,Bras,"https://americanbreastcare.com/wp-content/uploads/2019/05/960-Kalena-Camisole-WHITE.png, https://americanbreastcare.com/wp-content/uploads/2019/05/960-black.webp, https://americanbreastcare.com/wp-content/uploads/2019/05/960-blush.webp",,Color,"Black, Blush, White",1,1,Size,"S, M, L, XL, XXL, XXXL",1,1
variation,ABC-960-V,960 Kalena Camisole,1,,visible,,,taxable,1,30.50,,,,ABC-960,Color,,,1,Size,,,1
variable,ABC-525,525 Massage Bra®,1,0,visible,"Constructed with a textured fabric that provides a cool, comfortable massage-like wear experience. Padded, stretch straps provide a comfortable fit. Wide, elastic band provides a comfortable and supportive fit.",Experience the massage-like feel and cooling comfort of ABC’s Massage Bra®. Our seamless design features a textured fabric that breathes as you wear for soft-on-skin comfort that you’ll love! The featured padded straps and a wider band offer phenomenal support for easy wear.,taxable,1,,Mastectomy Bras,Bras,"https://americanbreastcare.com/wp-content/uploads/2019/05/525-Denim-Blue-DB-1.png, https://americanbreastcare.com/wp-content/uploads/2019/05/525-white.webp, https://americanbreastcare.com/wp-content/uploads/2019/05/525-Pink.webp, https://americanbreastcare.com/wp-content/uploads/2019/05/525-clearwater.webp, https://americanbreastcare.com/wp-content/uploads/2019/05/525-black.webp, https://americanbreastcare.com/wp-content/uploads/2019/05/525-beige.webp",,Color,"Beige, Black, White, Clear Water, Pink, Denim Blue",1,1,Size,"34 AA, 36 AA, 38 AA, 40 AA, 42 AA, 44 AA, 46 AA, 34 AA – A, 36 AA – A, 38 AA – A, 40 AA – A, 42 AA – A, 44 AA – A, 32 A, 34 A, 36 A, 38 A, 40 A, 42 A, 44 A, 46 A, 48 A, 34 B – DD, 36 B – DD, 38 B – DD, 40 B – DD, 42 B – DD, 44 B – DD, 46 B – DD, 48 B – DD, 50 B – DD, 32 B – C, 34 B – C, 36 B – C, 38 B – C, 40 B – C, 42 B – C, 44 B – C, 46 B – C, 48 B – C, 50 B – C, 34 D – DD, 36 D – DD, 38 D – DD, 40 D – DD, 42 D – DD, 44 D – DD, 46 D – DD, 48 D – DD, 50 D – DD",1,1
variation,ABC-525-V,525 Massage Bra®,1,,visible,,,taxable,1,35.50,,,,ABC-525,Color,,,1,Size,,,1
variable,ABC-524,524 Invisible Bra,1,0,visible,"Featured wide band and fully adjustable shoulder straps provide comfortable, dependable support, making it your ideal choice for everyday wear.","So Comfortable, You’ll Forget It’s There Experience the sensation of barely-there-comfort with the Invisible Bra. This bra features a high coverage wide band and full adjustable shoulder straps that maximize support while enhancing comfort. Our seamless design flows effortlessly over your curves, offering a flattering silhouette and a no-show look under clothing. Enjoy the perfect balance of weightless comfort + smoothing support with the Invisible Bra, By ABC.",taxable,1,,Mastectomy Bras,Bras,"https://americanbreastcare.com/wp-content/uploads/2025/07/524-img-1.webp, https://americanbreastcare.com/wp-content/uploads/2025/07/524-img-2-back-smoothining.webp",,Color,Soft Mocha,1,1,Size,"S, M, L, XL, XXL",1,1
variation,ABC-524-V,524 Invisible Bra,1,,visible,,,taxable,1,35.00,,,,ABC-524,Color,,,1,Size,,,1
variable,ABC-521,521 Active Sport Bra,1,0,visible,"Our Active Sport Bra offers unmatched comfort! Featuring a front zipper + comfort cover and thick straps that ease shoulder tension. Our design combines style and strength, empowering survivors at every level of fitness to move with confidence! Join the movement and redefine what it means to be unstoppable with the Active Sport Bra.","Ideal for recovery and truncal compression maintenance Compression: Low* Our NEW Active Sport Bra offers unmatched comfort! Featuring a front zipper + comfort cover and thick straps that ease shoulder tension. Our design combines style and strength, empowering survivors at every level of fitness to move with confidence! Join the movement and redefine what it means to be unstoppable with the Active Sport Bra, by ABC. Sizes:",taxable,1,,Mastectomy Bras,Active & Leisure Bras,"https://americanbreastcare.com/wp-content/uploads/2023/11/521-sand.webp, https://americanbreastcare.com/wp-content/uploads/2023/11/521-backsand.webp",,Color,Sand,1,1,Size,"S, M, L, XL",1,1
variation,ABC-521-V,521 Active Sport Bra,1,,visible,,,taxable,1,30.50,,,,ABC-521,Color,,,1,Size,,,1
variable,ABC-520,520 Active Recovery Bra,1,0,visible,"This recovery bra features a zipper front with top and bottom G-hooks that provide secure wear. Adjustable straps with hook and eye closure ensure a perfect fit, while the wide band and side panels add extra support and comfort against sensitive skin.","Ideal for recovery and truncal compression maintenance Compression: Moderate* Ease into an active lifestyle with ABC’s 520 Active Recovery Bra! This bra was specially designed to optimize support while giving superior comfort. Double layers of breathable fabric and seamless pocketed cups offer soft compression. This recovery bra features a zipper front with top and bottom G-hooks that provide secure wear. Adjustable straps with hook and eye closure ensure a perfect fit, while the wideband and side panels add extra support and comfort against sensitive skin.",taxable,1,,Mastectomy Bras,Active & Leisure Bras,"https://americanbreastcare.com/wp-content/uploads/2020/11/520-blackv2.webp, https://americanbreastcare.com/wp-content/uploads/2020/11/520-Pink.webp, https://americanbreastcare.com/wp-content/uploads/2020/11/520-pink2.webp, https://americanbreastcare.com/wp-content/uploads/2020/11/520-pink3.webp",,Color,"Black, Pink",1,1,Size,"S, M, L, XL, XXL, XXXL",1,1
variation,ABC-520-V,520 Active Recovery Bra,1,,visible,,,taxable,1,35.50,,,,ABC-520,Color,,,1,Size,,,1
variable,ABC-516,516 Silhouette Bra,1,0,visible,"Designed with a thin layer of soft foam for a smooth, polished appearance. The sophisticated construction provides comfort through the contoured shoulder straps and security is enhanced with the heart-shaped strap ring. Side and back panels are lined with Power Mesh for additional underarm support and smoothness.","You’ll love the sleek sophistication of the Silhouette Bra by American Breast Care. Our newest signature style features soft foam that flows over curves for a smooth feel and polished look. Contoured shoulder straps with heart-shaped band connections keep straps comfortably in place, while Power Mesh side and back panels provide effortless smoothing support. Experience elegance redefined with ABC’s Silhouette Bra.",taxable,1,,Mastectomy Bras,Bras,"https://americanbreastcare.com/wp-content/uploads/2020/07/516-coolgrey.webp, https://americanbreastcare.com/wp-content/uploads/2020/07/516-black.webp, https://americanbreastcare.com/wp-content/uploads/2020/07/516-coollatte.webp",,Color,"Cool Grey, Cool Latte, Black",1,1,Size,"32 A – DD, 34 A – DD, 36 A – DD, 38 A – DD, 40 A – DD",1,1
variation,ABC-516-V,516 Silhouette Bra,1,,visible,,,taxable,1,27.00,,,,ABC-516,Color,,,1,Size,,,1
variable,ABC-515,515 Soft Shape T-Shirt Bra,1,0,visible,"Constructed with a thin layer of foam for a smooth, enhanced silhouette and microfiber fabric for a sleek design and cooling comfort. Side panels are lined with Power Mesh fabric for additional underarm support. Added Lycra provides a stretch-perfect fit. Straps are padded for added comfort.","Enjoy the sleek look and feel of the Soft Shape T-Shirt Bra, by ABC! Our Soft Shape T-Shirt Bra is designed with a thin layer of foam to smooth and enhance, providing a flattering silhouette. ABC’s Power Mesh fabric provides additional support and padded straps give optimal comfort making this the perfect everyday bra!",taxable,1,,Mastectomy Bras,Bras,"https://americanbreastcare.com/wp-content/uploads/2019/05/515-white.webp, https://americanbreastcare.com/wp-content/uploads/2019/05/515-black.webp, https://americanbreastcare.com/wp-content/uploads/2019/05/515-Beige.webp",,Color,"Beige, White, Black",1,1,Size,"34 AA – B, 36 AA – B, 38 AA – B, 40 AA – B, 42 AA – B, 44 AA – B, 34 C, 36 C, 38 C, 40 C, 36 D, 38 D, 40 D, 38 E, 40 E",1,1
variation,ABC-515-V,515 Soft Shape T-Shirt Bra,1,,visible,,,taxable,1,30.00,,,,ABC-515,Color,,,1,Size,,,1
variable,ABC-514,514 Princess Lace Bra,1,0,visible,"Created with soft, fiber-filled cups that provide lift and separation. The beautiful lace overlay across the bra & stylish, adjustable straps brings sophisticated elegance to this supportive bra.","Introducing the Princess Lace Bra! The newest addition to ABC’s signature collection, our Princess Lace Bra seamlessly blends elegance with comfort & softness for a bra that feels just as amazing as it looks. The beautiful lace detail across the band & adjustable straps bring sophisticated elegance to this show stopper!",taxable,1,,Mastectomy Bras,Bras,"https://americanbreastcare.com/wp-content/uploads/2019/11/514-blackchampaign.webp, https://americanbreastcare.com/wp-content/uploads/2019/11/514-black-champagne.png",,Color,Black Champagne,1,1,Size,"34 A - D, 36 A - D, 38 A - D, 40 A - D, 42 A - D",1,1
variation,ABC-514-V,514 Princess Lace Bra,1,,visible,,,taxable,1,29.50,,,,ABC-514,Color,,,1,Size,,,1
variable,ABC-Style: 511,511 Regalia Bra,1,0,visible,Constructed with a three part cup for optimal support for large sizes and padded straps for a comfortable fit. Embroidered floral design exudes both a regal and elegant feel.,"Feel like a queen in the Regalia Bra by ABC! Designed for optimal comfort and support, this bra features padded straps and 3 part cups, making it great for larger sizes. The floral embroidered detail adds a regal touch of beauty for a polished look that you’ll love.",taxable,1,,Mastectomy Bras,Bras,"https://americanbreastcare.com/wp-content/uploads/2019/05/511-elegantblue.webp, https://americanbreastcare.com/wp-content/uploads/2019/05/511-Beige.webp, https://americanbreastcare.com/wp-content/uploads/2019/05/511-Black.webp, https://americanbreastcare.com/wp-content/uploads/2019/05/511-Cool-Grey.webp, https://americanbreastcare.com/wp-content/uploads/2019/05/511-DeepPurple.webp, https://americanbreastcare.com/wp-content/uploads/2019/05/511-white.webp",,Color,"Beige, Black, Cool Grey, Deep Purple, White, Elegant Blue",1,1,Size,"38 A, 40 A, 42 A, 44 A, 46 A, 48 A, 50 A, 34 B – D, 36 B – D, 38 B – D, 40 B – D, 42 B – D, 44 B – D, 46 B – D, 48 B – D, 50 B – D, 36 DD, 38 DD, 40 DD, 42 DD, 44 DD, 46 DD, 48 DD, 50 DD, 36 DD – F, 38 DD – F, 40 DD – F, 42 DD – F, 44 DD – F, 46 DD – F, 36 F, 38 F, 40 F, 42 F, 44 F, 46 F, 48 F, 36 G, 38 G, 40 G, 42 G, 44 G, 36 G – H, 38 G – H, 40 G – H, 42 G – H, 44 G – H, 46 G – H",1,1
variation,ABC-Style: 511-V,511 Regalia Bra,1,,visible,,,taxable,1,29.00,,,,ABC-Style: 511,Color,,,1,Size,,,1
variable,ABC-Style #: 503,503 Embrace Bra,1,0,visible,"Constructed with a princess seam for a flattering fit. High neckline provides added coverage and high side panels give extra underarm support. Wide, stretchy straps make for a comfortable fit. Bra cups feature a beautiful lace design which can double as a camisole.",ABC’s Embrace Bra blends functional comfort with soft elegance for a look that you’ll love! The high neckline & side panels provide extra support and coverage. Our intricate lace detail on the ultra-soft straps and neckline make this bra a perfect double for a camisole.,taxable,1,,Mastectomy Bras,Bras,"https://americanbreastcare.com/wp-content/uploads/2019/05/503-SoftMocha.webp, https://americanbreastcare.com/wp-content/uploads/2019/05/503-White.webp, https://americanbreastcare.com/wp-content/uploads/2019/05/503-Candelight.webp, https://americanbreastcare.com/wp-content/uploads/2019/05/503-Black.webp",,Color,"Black, Soft Mocha, Candel Light, White",1,1,Size,"34 AA, 36 AA, 38 AA, 40 AA, 34 A - D, 36 A - D, 38 A - D, 40 A - D, 42 A - D, 44 A - D, 36 DD, 38 DD, 40 DD, 42 DD, 44 DD",1,1
variation,ABC-Style #: 503-V,503 Embrace Bra,1,,visible,,,taxable,1,30.00,,,,ABC-Style #: 503,Color,,,1,Size,,,1
variable,ABC-203,203 Rose Contour Underwire Bra,1,0,visible,"Created with soft, fiber fill cups that provide lift and separation. Jacquard fabric features the ABC signature rose for feminine flair. Stretch straps make for a comfortable fit. Designed with an underwire that helps lift and separate the bust line.","ABC’s Rose Contour Underwire Bra blends function with beauty for a bra that you’ll love. Soft, fiber filled cups with underwire, provide enhanced lift and added support. Our jacquard pattern design, featuring ABC’s signature rose, adds the perfect touch of feminine elegance to this timeless bra.",taxable,1,,Mastectomy Bras,Bras,https://americanbreastcare.com/wp-content/uploads/2019/05/203-beige.webp,,Color,Beige,1,1,Size,"36 B – DDDD, 38 B – DDDD, 40 B – DDDD, 42 B – DDDD, 44 B – DDDD, 46 B – DDDD",1,1
variation,ABC-203-V,203 Rose Contour Underwire Bra,1,,visible,,,taxable,1,23.50,,,,ABC-203,Color,,,1,Size,,,1
variable,ABC-137,137 Lace Cami Soft Cup Bra,1,0,visible,Designed with soft cups that offer maximum coverage for greater support & comfort. This bra features a beautiful lace neckline that provides a touch of modest elegance.,Feel and look your best in Lace Cami Soft Cup Bra by ABC! Designed with soft cups that offer maximum coverage for greater support & comfort. This bra features a beautiful lace neckline that provides a touch of modest elegance.,taxable,1,,Mastectomy Bras,Bras,https://americanbreastcare.com/wp-content/uploads/2023/02/137-black.webp,,Color,Black,1,1,Size,"34 B – D, 36 B – D, 38 B – D, 40 B – D, 42 B – D",1,1
variation,ABC-137-V,137 Lace Cami Soft Cup Bra,1,,visible,,,taxable,1,26.00,,,,ABC-137,Color,,,1,Size,,,1
variable,ABC-136,136 Comfy Classic Bra,1,0,visible,"Created with soft, molded cups and removable foam pads to retain your natural silhouette. The wide, fixed shoulder straps and adjustable hook/eye back closure allow for a comfortable fit. The Comfy Classic’s seamless, smooth fabric is perfect for layering under clothing.","Rejoice in the remarkable comfort and softness with ABC’s Comfy Classic. The latest addition to our Comfy Collection, the Comfy Classic maintains the seamless look and soft touch of the original Comfy Bra with added benefits, like soft, wide straps and ribbed panels that offer outstanding support. Molded cups enhance your natural shape while the padded hook and eye closure ensures a perfect fit every time.",taxable,1,,Mastectomy Bras,Active & Leisure Bras,"https://americanbreastcare.com/wp-content/uploads/2019/11/136-Black.webp, https://americanbreastcare.com/wp-content/uploads/2019/11/136-White.webp",,Color,"Black, Pink, Natural, White",1,1,Size,"S, M, L, XL",1,1
variation,ABC-136-V,136 Comfy Classic Bra,1,,visible,,,taxable,1,16.00,,,,ABC-136,Color,,,1,Size,,,1
variable,ABC-135,135 Lace Soft Cup Bra,1,0,visible,Designed with soft cups and a lacy neckline for feminine flair. The wider side panels under the arm allow for additional coverage. Supportive straps and leotard back provides a comfortable fit.,"Feel and look your best in Lace Soft Cup Bra by ABC! Our feminine design is equal parts beauty and function. The soft band and leotard-back stretch to hug and contour your body, offering comfortable support. A delicate lace overlay extends across each cup and strap to accentuate the reﬁned beauty of this style.",taxable,1,,Mastectomy Bras,Bras,"https://americanbreastcare.com/wp-content/uploads/2019/11/135-Sand.webp, https://americanbreastcare.com/wp-content/uploads/2019/11/135-White.webp",,Color,"Sand, White",1,1,Size,"34 A – D, 36 A – D, 38 A – D, 40 A – D, 42 A – D, 44 A – D, 46 A – D, 36 DD – DDD, 38 DD – DDD, 40 DD – DDD, 42 DD – DDD, 44 DD – DDD, 46 DD – DDD",1,1
variation,ABC-135-V,135 Lace Soft Cup Bra,1,,visible,,,taxable,1,24.50,,,,ABC-135,Color,,,1,Size,,,1
variable,ABC-134,134 Satin Trim T-Shirt Bra,1,0,visible,"Constructed with foam molded, seamless cups to provide a supportive, smooth fit. Bra band is designed to contour to the body. Satin trimmed straps and cups give this t-shirt bra elegance.","Enjoy subtle femininity with ABC’s Satin Trim T-Shirt Bra. ABC’s classic design presents a seamless look you’ll love and features foam molded cups for a supportive, smooth fit. Our ultra-soft bra band contours your body, providing comfortable support while maintaining a sleek silhouette. Delicate jewel satin detailing adds a touch of polished sophistication.",taxable,1,,Mastectomy Bras,Bras,"https://americanbreastcare.com/wp-content/uploads/2019/11/134-Satin-Trim-Bra-Black.png, https://americanbreastcare.com/wp-content/uploads/2019/11/134-Rose-Taupe.webp, https://americanbreastcare.com/wp-content/uploads/2019/11/134-white.webp, https://americanbreastcare.com/wp-content/uploads/2019/11/134-rose.webp",,Color,"Black, Rose, Taupe, White",1,1,Size,"32 AA, 34 AA, 36 AA, 38 AA, 32 A, 34 A, 36 A, 38 A, 40 A, 42 A, 32 B - D, 34 B - D, 36 B - D, 38 B - D, 40 B - D, 42 B - D, 44 B - D",1,1
variation,ABC-134-V,134 Satin Trim T-Shirt Bra,1,,visible,,,taxable,1,25.50,,,,ABC-134,Color,,,1,Size,,,1
variable,ABC-133,133 Rose Contour T-Back Bra,1,0,visible,"T-Back design keeps bra straps from slipping off the shoulders and evenly distributes weight across the shoulders and back. Created with soft, fiber fill cups that provide lift and separation. Jacquard fabric features the ABC signature rose for feminine flair. Stretch straps make for a comfortable fit.","ABC’s Rose Contour T-Back Bra blends function with beauty for a bra that you’ll love. Soft, fiber fill cups provide lift, while our T-Back design evenly distributes weight for added support and comfort. Our front hook & eye closure makes putting on/taking off a breeze; perfect for every day!",taxable,1,,Mastectomy Bras,Bras,https://americanbreastcare.com/wp-content/uploads/2019/05/133-Black.webp,,Color,"Beige, Black, Cocoa, White",1,1,Size,"34 A, 36 A, 38 A, 40 A, 42 A, 34 B, 36 B, 38 B, 40 B, 42 B, 44 B, 34 C - D, 36 C - D, 38 C - D, 40 C - D, 42 C - D, 44 C - D, 46 C - D",1,1
variation,ABC-133-V,133 Rose Contour T-Back Bra,1,,visible,,,taxable,1,27.00,,,,ABC-133,Color,,,1,Size,,,1
variable,ABC-132,132 Active Bra,1,0,visible,"The Active Bra is a front closing, wire-free sports bra with rounded neckline and racer back. Top and bottom zipper covers protect against skin irritation. With removable pads included, this comfortable bra works well for various sporting activities.","Comfortable, airy & sure to spice up any workout, the Active Bra by ABC is the perfect addition to your active wardrobe! This front closing, wire-free sports bra offers comfortable support. Our trendy, racerback design is easily concealed under most active/sportswear. Lightweight fabric enhances breathability, drying quickly to keep you comfortable.",taxable,1,,Mastectomy Bras,Bras,"https://americanbreastcare.com/wp-content/uploads/2025/08/132-GL-1.png, https://americanbreastcare.com/wp-content/uploads/2025/08/132-GL-2.png, https://americanbreastcare.com/wp-content/uploads/2025/04/132-Black.webp, https://americanbreastcare.com/wp-content/uploads/2025/04/132-Beige.webp",,Color,"Beige, Black, Galaxy Lime",1,1,Size,"S, M, L, XL",1,1
variation,ABC-132-V,132 Active Bra,1,,visible,,,taxable,1,21.50,,,,ABC-132,Color,,,1,Size,,,1
variable,ABC-131,131 Comfy Bra,1,0,visible,The Comfy Bra is designed with soft cups to maintain a natural shape with a seamless fit. Lightweight & extrasoft fabric hugs the body’s contours for a smooth feel; perfect for layering under favorite casual pieces. Adjustable back closure and removable straps allow for a customized fit.,"Experience the luxury of leisure with the Comfy Bra by ABC! An essential for your everyday loungewear, our Comfy Bra enhances your natural shape with a seamless fit. Our supple, lightweight fabric blend hugs close to your body’s contours for a smooth feel and soft comfort.",taxable,1,,Mastectomy Bras,Active & Leisure Bras,"https://americanbreastcare.com/wp-content/uploads/2019/05/131-Natural.webp, https://americanbreastcare.com/wp-content/uploads/2019/05/131-Back-Black.webp, https://americanbreastcare.com/wp-content/uploads/2019/05/131-Black-Back-2.webp",,Color,"Natural, Black",1,1,Size,"S, M, L, XL",1,1
variation,ABC-131-V,131 Comfy Bra,1,,visible,,,taxable,1,16.00,,,,ABC-131,Color,,,1,Size,,,1
variable,ABC-130,130 Molded Leisure Bra,1,0,visible,"Designed with breathable cotton and spandex for a comfortable, relaxed fit. Ideal bra for post-surgical and/or leisure wear. Constructed with seamless molded cups and adjustable wide straps in a front closure design for easy donning and doffing post-surgery.","Enjoy the smooth comfort of ABC’s Molded Leisure Bra! Designed to give a smooth, seamless silhouette, the Molded Leisure Bra features soft molded cups for an enhanced profile. Breathable cotton with a touch of spandex ensures a comfortable, relaxed fit. Our design features front hook & eye closure and wide adjustable straps making this a great choice for post-surgical wear.",taxable,1,,Mastectomy Bras,Active & Leisure Bras,"https://americanbreastcare.com/wp-content/uploads/2019/05/130-Beige.webp, https://americanbreastcare.com/wp-content/uploads/2019/05/130-Black.webp, https://americanbreastcare.com/wp-content/uploads/2019/05/130-White.webp",,Color,"Beige, Black, White",1,1,Size,"S, M, L, XL, Cup Sizes:, A/B, C/D",1,1
variation,ABC-130-V,130 Molded Leisure Bra,1,,visible,,,taxable,1,27.50,,,,ABC-130,Color,,,1,Size,,,1
variable,ABC-123,123 Rose Contour Front Close Bra,1,0,visible,Designed with a front close and back adjustment for easy donning and doffing.,"Designed to lift and separate, ABC’s Rose Contour Front Close Bra gives comfortable support with an ultra-feminine air. Constructed with front hook closure for easy wear and stretch straps for a comfortable fit, this bra is essential for your intimate wardrobe.",taxable,1,,Mastectomy Bras,Bras,https://americanbreastcare.com/wp-content/uploads/2019/05/123-White-2.webp,,Color,"Beige, Black, Cocoa, White",1,1,Size,"34 A, 36 A, 38 A, 40 A, 42 A, 34 B, 36 B, 38 B, 40 B, 42 B, 44 B, 34 C – DD, 36 C – DD, 38 C – DD, 40 C – DD, 42 C – DD, 44 C – DD, 46 C – DD, 34 C – D, 36 C – D, 38 C – D, 40 C – D, 42 C – D, 44 C – D, 46 C – D, 36 DD, 38 DD, 40 DD, 42 DD, 44 DD, 46 DD",1,1
variation,ABC-123-V,123 Rose Contour Front Close Bra,1,,visible,,,taxable,1,25.50,,,,ABC-123,Color,,,1,Size,,,1
variable,ABC-Style #: 122,122 Classic Cotton Bra,1,0,visible,"Featuring discreet pockets that seamlessly fit prostheses or shapers, it offers the comfort and confidence women deserve.","Crafted from a luxuriously soft cotton blend, this seamless bra feels like a second skin. Designed with all-day-wear in mind, it offers gentle support and unparalleled comfort that is perfect for everyday life. Our innovative design prioritizes both comfort and functionality. The seamless construction eliminates any uncomfortable lines or chafing, while the breathable fabric keeps you cool and dry throughout the day.",taxable,1,,Mastectomy Bras,Bras,"https://americanbreastcare.com/wp-content/uploads/2025/02/122-honey.webp, https://americanbreastcare.com/wp-content/uploads/2025/02/122-onyx.webp, https://americanbreastcare.com/wp-content/uploads/2025/02/122-Terracotta.webp",,Color,"Terrocatta, Honey, Onyx",1,1,Size,"32 AA, 34 AA, 36 AA, 38 AA, 40 AA, 42 AA, 32 A - DD, 34 A - DD, 36 A - DD, 38 A - DD, 40 A - DD, 42 A - DD, 44 A - DD, 46 A - DD",1,1
variation,ABC-Style #: 122-V,122 Classic Cotton Bra,1,,visible,,,taxable,1,24.00,,,,ABC-Style #: 122,Color,,,1,Size,,,1
variable,ABC-118,118 Full Figure M-Frame Bra,1,0,visible,"Constructed with an M-frame design for excellent lift and long-lasting support. Fiber fill lining in the cups enhances the breast shape. Side and back panels feature Powernet fabric for support, breathability and flexibility. Rigid straps provide exceptional support.","You’ll love the lightweight comfort of the Full Figure M-Frame Bra by ABC. Perfect for daily wear, our design features Powernet fabric and firm straps for maximum lift and support. Seamed soft cups & fiber fill lining helps to smooth for an enhanced shape.",taxable,1,,Mastectomy Bras,Bras,https://americanbreastcare.com/wp-content/uploads/2019/05/118-Beige.webp,,Color,Beige,1,1,Size,"34 B – C, 36 B – C, 38 B – C, 40 B – C, 42 B – C, 44 B – C, 46 B – C, 48 B – C, 50 B – C, 52 B – C, 34 D – DD, 36 D – DD, 38 D – DD, 40 D – DD, 42 D – DD, 44 D – DD, 46 D – DD",1,1
variation,ABC-118-V,118 Full Figure M-Frame Bra,1,,visible,,,taxable,1,27.50,,,,ABC-118,Color,,,1,Size,,,1
variable,ABC-112,112 Seamless Strapless Bra,1,0,visible,"Constructed with a thin layer of foam for a smooth, enhanced shape. Underwire and side stays offer exceptional support. Wide, soft elastic band for a secure fit. Clear and color fabric straps are included for multiple fitting options. Embroidered detail between the cups adds beautiful style.","Experience the sleek flexibility of ABC’s Seamless Strapless Bra! Designed for smoothing support, this bra features an underwire and side stays for a comfortably secure fit. Foam cups enhance your shape while detachable straps allow for versatile wear. Our embroidered lace detail adds subtle charm to your bra band for understated elegance.",taxable,1,,Mastectomy Bras,Bras,"https://americanbreastcare.com/wp-content/uploads/2019/05/112-Beige.webp, https://americanbreastcare.com/wp-content/uploads/2019/05/112-Black.webp",,Color,"Beige, Black",1,1,Size,"34 AA – C, 36 AA – C, 38 AA – C, 40 AA – C, 42 AA – C, 34 D, 36 D, 38 D, 40 D",1,1
variation,ABC-112-V,112 Seamless Strapless Bra,1,,visible,,,taxable,1,50.00,,,,ABC-112,Color,,,1,Size,,,1
variable,ABC-110,110 Leisure Bra,1,0,visible,"Designed with breathable cotton and spandex for a comfortable, relaxed fit. Ideal bra for post-surgical and/or leisure wear. Constructed with a front closure for easy on-and- off post surgery. Wide stretch straps are non-adjustable.","Enjoy the soft comfort and relaxed fit of ABC’s Leisure Bra. Perfect for post-surgical and leisure wear, our design features front closure for easy on-and-off, wide straps for support, and a relaxed fit for optimal comfort.",taxable,1,,Mastectomy Bras,Bras,"https://americanbreastcare.com/wp-content/uploads/2019/05/110-Leisure-Bra-Magenta-Butterfly-MB.png, https://americanbreastcare.com/wp-content/uploads/2019/05/110WC.webp, https://americanbreastcare.com/wp-content/uploads/2019/05/110-Palm-Leaves_PL.png, https://americanbreastcare.com/wp-content/uploads/2019/05/110-Leisure-Bra-Botanical-Bliss-BB-Model-0006.webp, https://americanbreastcare.com/wp-content/uploads/2019/05/110-Pink.webp, https://americanbreastcare.com/wp-content/uploads/2019/05/110-Mint.webp, https://americanbreastcare.com/wp-content/uploads/2019/05/110-Grey.webp, https://americanbreastcare.com/wp-content/uploads/2019/05/110-Black.webp, https://americanbreastcare.com/wp-content/uploads/2019/05/110-Blue.webp, https://americanbreastcare.com/wp-content/uploads/2019/05/110-Berry.webp, https://americanbreastcare.com/wp-content/uploads/2025/03/110-Leisure-Bra-White-WH-002.webp, https://americanbreastcare.com/wp-content/uploads/2025/03/110-Leisure-Bra-Beige-BE-001.webp",,Color,"Beige, Black, White, Berry, Blue, Gray, Pink, Mint, Love Hearts, Palm Leaves, Botanical Bliss, Wild Cat, Magenta Butterfly",1,1,Size,"Band Sizes:, XS, S, M, L, XL, XXL, Cup Sizes:, A/B, C/D, E/F, G/H, Fashion Colors",1,1
variation,ABC-110-V,110 Leisure Bra,1,,visible,,,taxable,1,23.00,,,,ABC-110,Color,,,1,Size,,,1
variable,ABC-105,105 Petite T-Shirt Bra,1,0,visible,"Made with a thin layer of foam for a smooth, enhanced silhouette. Embroidered straps and mid-band detail give this bra design a touch of style. Stretch straps make for a comfortable fit.","Embrace delicate beauty with ABC’s Petite T-Shirt Bra. Featuring seamless molded foam cups, our Petite T-Shirt Bra smooths and enhances for a sleek silhouette. The subtle lace detail on band and straps adds a gentle elegance to this dainty bra.",taxable,1,,Mastectomy Bras,Bras,"https://americanbreastcare.com/wp-content/uploads/2019/05/105-Beige.webp, https://americanbreastcare.com/wp-content/uploads/2019/05/105-Black.webp, https://americanbreastcare.com/wp-content/uploads/2019/05/105-White.webp",,Color,"Beige, Black, White",1,1,Size,"32 AA, 34 AA, 36 AA, 38 AA, 40 AA, 32 A – C, 34 A – C, 36 A – C, 38 A – C, 40 A – C, 42 A – C",1,1
variation,ABC-105-V,105 Petite T-Shirt Bra,1,,visible,,,taxable,1,26.00,,,,ABC-105,Color,,,1,Size,,,1
variable,ABC-103,103 Rose Contour Bra,1,0,visible,"Created with soft, fiber fill cups that provide lift and separation. Jacquard fabric features the ABC signature rose for feminine flair. Stretch straps provide a comfortable fit.","It’s easy to see why ABC’s Rose Contour Bra is considered a favorite among many! ABC’s classic design and soft fiber fill cups create an effortless lift for outstanding comfort and support. Available in a wide selection of colors that feature ABC’s signature rose jacquard fabric, this style is the perfect everyday bra.",taxable,1,,Mastectomy Bras,Bras,"https://americanbreastcare.com/wp-content/uploads/2019/05/103-Mocha.webp, https://americanbreastcare.com/wp-content/uploads/2019/05/103-Beige.webp, https://americanbreastcare.com/wp-content/uploads/2019/05/103-White.webp, https://americanbreastcare.com/wp-content/uploads/2019/05/103-Ruby-Red.webp, https://americanbreastcare.com/wp-content/uploads/2019/05/103-Rose.webp, https://americanbreastcare.com/wp-content/uploads/2019/05/103-Platinum-Blue.webp, https://americanbreastcare.com/wp-content/uploads/2019/05/103-Pink.webp, https://americanbreastcare.com/wp-content/uploads/2019/05/103-Navy.webp, https://americanbreastcare.com/wp-content/uploads/2019/05/103-Mint.webp, https://americanbreastcare.com/wp-content/uploads/2019/05/103-Maroon.webp, https://americanbreastcare.com/wp-content/uploads/2019/05/103-Lilac.webp, https://americanbreastcare.com/wp-content/uploads/2019/05/103-Cocoa.webp, https://americanbreastcare.com/wp-content/uploads/2019/05/103-Black.webp",,Color,"Beige, Black, White, Cocoa, Pink, Lilac, Navy Blue, Maroon, Platinum Blue, Mint, Rose, Mocha, Ruby Red",1,1,Size,"34 AA, 36 AA, 38 AA, 40 AA, 42 AA, 44 AA, 32 A – B, 34 A – B, 36 A – B, 38 A – B, 40 A – B, 42 A – B, 44 A – B, 46 A – B, 48 A – B, 50 A – B, 34 C-D, 36 C-D, 38 C-D, 40 C-D, 42 C-D, 44 C-D, 46 C-D, 48 C-D, 50 C-D, 52 C-D, 54 C-D, 36 DD – DDD, 38 DD – DDD, 40 DD – DDD, 42 DD – DDD, 44 DD – DDD, 46 DD – DDD, 48 DD – DDD, 50 DD – DDD, 52 DD – DDD, 54 DD – DDD, 38 DDDD, 40 DDDD, 42 DDDD, 44 DDDD, 46 DDDD, 48 DDDD, 50 DDDD, 32 A - C, 34 A - C, 36 A - C, 38 A - C, 40 A - C, 42 A - C, 44 A - C, 46 A - C, 48 A - C, 50 A - C, 34 D, 36 D, 38 D, 40 D, 42 D, 44 D, 46 D, 48 D, 50 D, 36 DD - DDD, 38 DD - DDD, 40 DD - DDD, 42 DD - DDD, 44 DD - DDD, 46 DD - DDD, 48 DD - DDD, 50 DD - DDD, Fashion Colors, 32 A, 34 A, 36 A, 38 A, 40 A, 42 A, 32 B, 34 B, 36 B, 38 B, 40 B, 42 B, 44 B, 32 C, 34 C, 36 C, 38 C, 40 C, 42 C, 44 C, 46 C, 36 DD, 38 DD, 40 DD, 42 DD, 44 DD, 46 DD",1,1
variation,ABC-103-V,103 Rose Contour Bra,1,,visible,,,taxable,1,25.50,,,,ABC-103,Color,,,1,Size,,,1
variable,ABC-101,101 Micro-Fiber Lace Contour Bra,1,0,visible,"Designed with soft, fiber fill cups that provide shaping and microfiber fabric for cooling comfort. Elastic at the neckline provides secure support and stretch straps make for a comfortable fit. A simple touch of lace on the neckline and the straps adds to the classic beauty of this timeless bra.","You’ll love the timeless beauty of ABC’s Micro-Fiber Lace Front Bra. Our soft fiber-filled cups give shape for a smooth look, while cooling microfiber keeps you comfortable all day. The simple lace detail brings together the effortless beauty of this classic bra.",taxable,1,,Mastectomy Bras,Bras,"https://americanbreastcare.com/wp-content/uploads/2019/05/101-Black.webp, https://americanbreastcare.com/wp-content/uploads/2019/05/101-Beige.webp, https://americanbreastcare.com/wp-content/uploads/2019/05/101-Pink.webp, https://americanbreastcare.com/wp-content/uploads/2019/05/101-White.webp",,Color,"Beige, Black, Pink, White",1,1,Size,"34 A – C, 36 A – C, 38 A – C, 40 A – C, 42 A – C, 44 A – C, 34 D, 36 D, 38 D, 40 D",1,1
variation,ABC-101-V,101 Micro-Fiber Lace Contour Bra,1,,visible,,,taxable,1,26.00,,,,ABC-101,Color,,,1,Size,,,1
variable,ABC-980,980 Active Swim Form,1,0,visible,"Dive into comfort and confidence with ABC’s Active Swim Form! This specially designed breast form is perfect for swimming, beach days, and any other active summer adventures. It features innovative comfort channels that gently hug your patient’s chest wall for a soothing feel, while ensuring that the form stays securely in place. The Active Swim Form is crafted from clear silicone and fits discreetly into swim and activewear.","Poolside Perfection Dive into comfort and confidence with ABC’s Active Swim Form! This specially designed breast form is perfect for swimming, beach days, and any other active summer adventures. It features innovative comfort channels that gently hug your patient’s chest wall for a soothing feel, while ensuring that the form stays securely in place. The Active Swim Form is crafted from clear silicone and fits discreetly into swim and activewear. clear 1 – 12 Reimbursement: Covered by Medicare, Medicaid, and most private insurance plans. For pricing and availability, ask your certified mastectomy fitter for more details. Find a retailer/certified fitter Made in the USA",taxable,1,,Breast Forms,Breast Forms,"https://americanbreastcare.com/wp-content/uploads/2024/04/980.png, https://americanbreastcare.com/wp-content/uploads/2019/05/10268-back.webp, https://americanbreastcare.com/wp-content/uploads/2019/04/10251.jpg, https://americanbreastcare.com/wp-content/uploads/2019/08/10575-300x300.jpg, https://americanbreastcare.com/wp-content/uploads/2019/04/1044.jpg",,Color,Clear,1,1,Size,"1, 2, 3, 4, 5, 6, 7, 8, 9, 10, 11, 12",1,1
variation,ABC-980-V,980 Active Swim Form,1,,visible,,,taxable,1,84.00,,,,ABC-980,Color,,,1,Size,,,1
variable,ABC-931,931 Swim Form Triangle,1,0,visible,You’ll love ABC’s Swim Form Triangle. This swim form features ABC’s classic triangle shape and fits to flatter in various swimwear and activewear styles. The Swim Form Triangle is saltwater friendly and features a hollow back that helps keep this form comfortably in place while swimming/engaging in water activities.,"Poolside Perfection You’ll love ABC’s Swim Form Triangle. This swim form features ABC’s classic triangle shape and fits to flatter in various swimwear and activewear styles. The Swim Form Triangle is saltwater friendly and features a hollow back that helps keep this form comfortably in place while swimming/engaging in water activities. clear 1 – 12 Reimbursement: Covered by Medicare, Medicaid, and most private insurance plans. For pricing and availability, ask your certified mastectomy fitter for more details. Find a retailer/certified fitter Made in the USA",taxable,1,,Breast Forms,Breast Forms,"https://americanbreastcare.com/wp-content/uploads/2019/04/931-Swim-Form.jpg, https://americanbreastcare.com/wp-content/uploads/2019/05/10272-back.webp, https://americanbreastcare.com/wp-content/uploads/2019/04/10250.jpg, https://americanbreastcare.com/wp-content/uploads/2019/05/10270-back.webp, https://americanbreastcare.com/wp-content/uploads/2019/04/10281.jpg",,Color,Clear,1,1,Size,"1, 2, 3, 4, 5, 6, 7, 8, 9, 10, 11, 12",1,1
variation,ABC-931-V,931 Swim Form Triangle,1,,visible,,,taxable,1,84.00,,,,ABC-931,Color,,,1,Size,,,1
variable,ABC-1072,1072 Classic Triangle Lightweight,1,0,visible,"Enjoy the soft comfort of ABC’s Classic Triangle Lightweight! Our triangle design fits and flatters a wide variety of body types, providing a natural appearance and silhouette. Developed with ABC’s lightweight silicone, this prosthesis helps to manage shoulder tension for exceptional comfort.","Essential Comfort, Effortless Ease Enjoy the soft comfort of ABC’s Classic Triangle Lightweight! Our triangle design fits and flatters a wide variety of body types, providing a natural appearance and silhouette. Developed with ABC’s lightweight silicone, this prosthesis helps to manage shoulder tension for exceptional comfort. lightweight comfort blush 1 – 14 Reimbursement: Covered by Medicare, Medicaid, and most private insurance plans. Colors & sizes may have select availability among ABC retailers. Contact a retailer near you. Find a retailer/certified fitter Made in the USA",taxable,1,,Breast Forms,Breast Forms,"https://americanbreastcare.com/wp-content/uploads/2019/05/1072-back.webp, https://americanbreastcare.com/wp-content/uploads/2019/08/10142-Basic-Triangle-Front-1500x1500.jpg, https://americanbreastcare.com/wp-content/uploads/2019/05/10225-2-e1569350461436.jpg, https://americanbreastcare.com/wp-content/uploads/2019/05/10288-300x300.jpg, https://americanbreastcare.com/wp-content/uploads/2019/04/10280.jpg",,Color,Blush,1,1,Size,"1, 2, 3, 4, 5, 6, 7, 8, 9, 10, 11, 12, 13, 14",1,1
variation,ABC-1072-V,1072 Classic Triangle Lightweight,1,,visible,,,taxable,1,111.00,,,,ABC-1072,Color,,,1,Size,,,1
variable,ABC-10672,10672 ABC MyForm™ Lightweight,1,0,visible,Enjoy the freedom of personalization with ABC’s MyForm™ Lightweight! Our unique design is completely adjustable. Use ABC’s hypoallergenic fiber-fill to add fullness where you need it most. ABC’s lightweight silicone offers flexibility and helps to manage shoulder tension for outstanding comfort.,"Essential Comfort, Effortless Ease Enjoy the freedom of personalization with ABC’s MyForm™ Lightweight! Our unique design is completely adjustable. Use ABC’s hypoallergenic fiber-fill to add fullness where you need it most. ABC’s lightweight silicone offers flexibility and helps to manage shoulder tension for outstanding comfort. adjustable fullness blush 1 -12 Reimbursement: Covered by Medicare, Medicaid, and most private insurance plans. Colors & sizes may have select availability among ABC retailers. Contact a retailer near you for more information. Find a retailer/certified fitter Made in the USA",taxable,1,,Breast Forms,Breast Forms,"https://americanbreastcare.com/wp-content/uploads/2019/08/10672_MyForm.jpg, https://americanbreastcare.com/wp-content/uploads/2019/05/10475-300x300.jpg, https://americanbreastcare.com/wp-content/uploads/2019/05/1072-back.webp, https://americanbreastcare.com/wp-content/uploads/2019/04/1032.jpg, https://americanbreastcare.com/wp-content/uploads/2019/05/10287-e1569350505409.jpg",,Color,Blush,1,1,Size,"1, 2, 3, 4, 5, 6, 7, 8, 9, 10, 11, 12",1,1
variation,ABC-10672-V,10672 ABC MyForm™ Lightweight,1,,visible,,,taxable,1,207.00,,,,ABC-10672,Color,,,1,Size,,,1
variable,ABC-10575,10575 Massage Form® Air,1,0,visible,"Enjoy the cooling comfort of The Massage Form® Air; developed with ABC’s Patented Massage Technology! Specialized channels encourage airflow, helping to reduce heat retention and provide a soothing touch; especially great for women experiencing symptoms associated with Lymphedema. ABC’s lightest air silicone provides a natural appearance while decreasing tension on shoulders for comfortable, carefree wear.","Patented Massage Technology- Massages, Hugs, Cools Enjoy the cooling comfort of The Massage Form® Air; developed with ABC’s Patented Massage Technology! Specialized channels encourage airflow, helping to reduce heat retention and provide a soothing touch; especially great for women experiencing symptoms associated with Lymphedema. ABC’s lightest air silicone provides a natural appearance while decreasing tension on shoulders for comfortable, carefree wear. massaging feelingcooler feelinglighter-weight blush 1 – 14 Reimbursement: Covered by Medicare, Medicaid, and most private insurance plans. Colors & sizes may have select availability among ABC retailers. Contact a retailer near you for more information. Find a retailer/certified fitter Made in the USA",taxable,1,,Breast Forms,Breast Forms,"https://americanbreastcare.com/wp-content/uploads/2019/08/10575-300x300.jpg, https://americanbreastcare.com/wp-content/uploads/2019/04/10281.jpg, https://americanbreastcare.com/wp-content/uploads/2019/05/10225-2-e1569350461436.jpg, https://americanbreastcare.com/wp-content/uploads/2019/06/10275-1500x1500.jpg, https://americanbreastcare.com/wp-content/uploads/2019/05/10288-300x300.jpg",,Color,Blush,1,1,Size,"1, 2, 3, 4, 5, 6, 7, 8, 9, 10, 11, 12, 13, 14",1,1
variation,ABC-10575-V,10575 Massage Form® Air,1,,visible,,,taxable,1,208.00,,,,ABC-10575,Color,,,1,Size,,,1
variable,ABC-10487,10487 ABC’s Diamond Attach,1,0,visible,"The remarkable cooling comfort of ABC’s Diamond Technology is now available in an attachable breast form; ABC’s new Diamond Attach! Our specialized diamond pattern minimizes perspiration, increases evaporation rate during activity, while ABC’s integrated adhesive prevents shifting for secure comfort that lasts! Enjoy the extraordinary comfort & and secure fit of ABC’s Diamond Attach.","Enjoy Cooling Comfort that Lasts & Lasts! The remarkable cooling comfort of ABC’s Diamond Technology is now available in an attachable breast form; ABC’s new Diamond Attach! Our specialized diamond pattern minimizes perspiration, increases evaporation rate during activity, while ABC’s integrated adhesive prevents shifting for secure comfort that lasts! Enjoy the extraordinary comfort & and secure fit of ABC’s Diamond Attach. cooler feelinglighter-weightextra secure fit blush 2 – 11 Reimbursement: Covered by Medicare, Medicaid, and most private insurance plans. Colors & sizes may have select availability among ABC retailers. Contact a retailer near you. Find a retailer/certified fitter Made in the USA",taxable,1,,Breast Forms,Breast Forms,"https://americanbreastcare.com/wp-content/uploads/2022/03/10487-back.webp, https://americanbreastcare.com/wp-content/uploads/2019/05/10287-e1569350505409.jpg, https://americanbreastcare.com/wp-content/uploads/2019/05/10288-300x300.jpg, https://americanbreastcare.com/wp-content/uploads/2019/08/10575-300x300.jpg, https://americanbreastcare.com/wp-content/uploads/2019/04/10280.jpg",,Color,Blush,1,1,Size,"2, 3, 4, 5, 6, 7, 8, 9, 10, 11",1,1
variation,ABC-10487-V,10487 ABC’s Diamond Attach,1,,visible,,,taxable,1,219.00,,,,ABC-10487,Color,,,1,Size,,,1
variable,ABC-10475,10475 Massage Form® Attach,1,0,visible,"Enjoy the cooling comfort and secure wear of the Massage Form ® Attach. ABC’s integrated adhesive keeps this lightweight form securely in place for a natural look and comfortable fit. Featuring ABC’s Patented Massage Technology, specialized channels encourage airflow, helping to reduce heat retention and provide a soothing touch. This prosthesis is especially great for women experiencing symptoms associated with Lymphedema.","Patented Massage Technology- Massages, Hugs, Cools Enjoy the cooling comfort and secure wear of the Massage Form ® Attach. ABC’s integrated adhesive keeps this lightweight form securely in place for a natural look and comfortable fit. Featuring ABC’s Patented Massage Technology, specialized channels encourage airflow, helping to reduce heat retention and provide a soothing touch. This prosthesis is especially great for women experiencing symptoms associated with Lymphedema. massaging feelingcooler feelinglighter-weightextra secure fit blush 1 – 12 Reimbursement: Covered by Medicare, Medicaid, and most private insurance plans. Colors & sizes may have select availability among ABC retailers. Contact a retailer near you for more information. Find a retailer/certified fitter Made in the USA",taxable,1,,Breast Forms,Breast Forms,"https://americanbreastcare.com/wp-content/uploads/2019/05/10475-300x300.jpg, https://americanbreastcare.com/wp-content/uploads/2019/08/10575-300x300.jpg, https://americanbreastcare.com/wp-content/uploads/2019/05/10295-300x300.jpg, https://americanbreastcare.com/wp-content/uploads/2019/04/10280.jpg, https://americanbreastcare.com/wp-content/uploads/2019/04/931-Swim-Form.jpg",,Color,Blush,1,1,Size,"1, 2, 3, 4, 5, 6, 7, 8, 9, 10, 11, 12",1,1
variation,ABC-10475-V,10475 Massage Form® Attach,1,,visible,,,taxable,1,219.00,,,,ABC-10475,Color,,,1,Size,,,1
variable,ABC-1044,1044 Triangle Standard,1,0,visible,"You’ll love the classic look and genuine softness of ABC’s Triangle Standard! Our triangle design fits easily into your favorite bra styles for a seamless look. Developed with ABC’s standard silicone, this prosthesis offers a natural softness for an authentic silhouette.","Essential Comfort, Effortless Ease You’ll love the classic look and genuine softness of ABC’s Triangle Standard! Our triangle design fits easily into your favorite bra styles for a seamless look. Developed with ABC’s standard silicone, this prosthesis offers a natural softness for an authentic silhouette. fully-weighted comfort blush 0 -18 Reimbursement: Covered by Medicare, Medicaid, and most private insurance plans. Colors & sizes may have select availability among ABC retailers. Contact a retailer near you. Find a retailer/certified fitter Made in the USA",taxable,1,,Breast Forms,Breast Forms,"https://americanbreastcare.com/wp-content/uploads/2019/04/1044.jpg, https://americanbreastcare.com/wp-content/uploads/2019/05/10270-back.webp, https://americanbreastcare.com/wp-content/uploads/2019/05/10222-back.webp, https://americanbreastcare.com/wp-content/uploads/2019/04/1042.jpg, https://americanbreastcare.com/wp-content/uploads/2019/05/1004-Teardrop-zoom.jpg",,Color,Blush,1,1,Size,"0, 1, 2, 3, 4, 5, 6, 7, 8, 9, 10, 11, 12, 13, 14, 15, 16, 17, 18",1,1
variation,ABC-1044-V,1044 Triangle Standard,1,,visible,,,taxable,1,156.00,,,,ABC-1044,Color,,,1,Size,,,1
variable,ABC-1042,1042 Triangle Lightweight,1,0,visible,"You’ll love the classic look and soft comfort of ABC’s Triangle Lightweight! Our triangle design fits easily into your favorite bra styles for a seamless look. Developed with ABC’s lightweight silicone, this prosthesis presents a natural silhouette while helping to manage shoulder tension for exceptional comfort.","Essential Comfort, Effortless Ease You’ll love the classic look and soft comfort of ABC’s Triangle Lightweight! Our triangle design fits easily into your favorite bra styles for a seamless look. Developed with ABC’s lightweight silicone, this prosthesis presents a natural silhouette while helping to manage shoulder tension for exceptional comfort. lightweight comfort Colors: blush tawny 0 -18 Reimbursement: Covered by Medicare, Medicaid, and most private insurance plans. Colors & sizes may have select availability among ABC retailers. Contact a retailer near you. Find a retailer/certified fitter Made in the USA",taxable,1,,Breast Forms,Breast Forms,"https://americanbreastcare.com/wp-content/uploads/2019/04/1042.jpg, https://americanbreastcare.com/wp-content/uploads/2019/05/10475-300x300.jpg, https://americanbreastcare.com/wp-content/uploads/2019/04/10250.jpg, https://americanbreastcare.com/wp-content/uploads/2019/05/1004-Teardrop-zoom.jpg, https://americanbreastcare.com/wp-content/uploads/2019/08/10142-Basic-Triangle-Front-1500x1500.jpg",,Color,Colors:  blush  tawny,1,1,Size,"0, 1, 2, 3, 4, 5, 6, 7, 8, 9, 10, 11, 12, 13, 14, 15, 16, 17, 18",1,1
variation,ABC-1042-V,1042 Triangle Lightweight,1,,visible,,,taxable,1,176.00,,,,ABC-1042,Color,,,1,Size,,,1
variable,ABC-1041,1041 Triangle Ultra Light,1,0,visible,"You’ll love the classic look and soft comfort of ABC’s Triangle Ultra Light. Our triangle design fits easily into your favorite bra styles for a seamless look. Developed with ABC’s lightest air silicone, this prosthesis aids in managing shoulder tension; keeping sensitive areas comfortable. Enjoy carefree wear with ABC’s Triangle Ultra Light.","Airy Comfort for Your Carefree Lifestyle! You’ll love the classic look and soft comfort of ABC’s Triangle Ultra Light. Our triangle design fits easily into your favorite bra styles for a seamless look. Developed with ABC’s lightest air silicone, this prosthesis aids in managing shoulder tension; keeping sensitive areas comfortable. Enjoy carefree wear with ABC’s Triangle Ultra Light. lightweight comfort blush 2 -18 Reimbursement: Covered by Medicare, Medicaid, and most private insurance plans. Colors & sizes may have select availability among ABC retailers. Contact a retailer near you. Find a retailer/certified fitter Made in the USA",taxable,1,,Breast Forms,Breast Forms,"https://americanbreastcare.com/wp-content/uploads/2019/04/1041.jpg, https://americanbreastcare.com/wp-content/uploads/2019/05/10225-2-e1569350461436.jpg, https://americanbreastcare.com/wp-content/uploads/2019/04/10271.jpg, https://americanbreastcare.com/wp-content/uploads/2019/05/10222-back.webp, https://americanbreastcare.com/wp-content/uploads/2019/08/10142-Basic-Triangle-Front-1500x1500.jpg",,Color,Blush,1,1,Size,"2, 3, 4, 5, 6, 7, 8, 9, 10, 11, 12, 13, 14, 15, 16, 17, 18",1,1
variation,ABC-1041-V,1041 Triangle Ultra Light,1,,visible,,,taxable,1,192.00,,,,ABC-1041,Color,,,1,Size,,,1
variable,ABC-10373,10373 Dual-Soft Triangle,1,0,visible,"Experience supreme comfort and softness with ABC’s Dual-Soft Triangle! Our triple-layer design offers exceptional softness while providing stability for secure wear. Featuring a convex back, this prosthesis fits snuggly against your body’s contours. ABC’s lightweight Super Soft Silicone presents a natural silhouette while helping to manage shoulder tension for exceptional comfort.","Essential Comfort, Effortless Ease Experience supreme comfort and softness with ABC’s Dual-Soft Triangle! Our triple-layer design offers exceptional softness while providing stability for secure wear. Featuring a convex back, this prosthesis fits snuggly against your body’s contours. ABC’s lightweight Super Soft Silicone presents a natural silhouette while helping to manage shoulder tension for exceptional comfort. lightweight comfort blush 1 -12 Reimbursement: Covered by Medicare, Medicaid, and most private insurance plans. Colors & sizes may have select availability among ABC retailers. Contact a retailer near you for more information. . Find a retailer/certified fitter Made in the USA",taxable,1,,Breast Forms,Breast Forms,"https://americanbreastcare.com/wp-content/uploads/2019/08/10373-back.webp, https://americanbreastcare.com/wp-content/uploads/2019/04/10251.jpg, https://americanbreastcare.com/wp-content/uploads/2019/04/10250.jpg, https://americanbreastcare.com/wp-content/uploads/2019/04/10271.jpg, https://americanbreastcare.com/wp-content/uploads/2019/05/10475-300x300.jpg",,Color,Blush,1,1,Size,"1, 2, 3, 4, 5, 6, 7, 8, 9, 10, 11, 12",1,1
variation,ABC-10373-V,10373 Dual-Soft Triangle,1,,visible,,,taxable,1,204.00,,,,ABC-10373,Color,,,1,Size,,,1
variable,ABC-1032,1032 Oval Lightweight,1,0,visible,"Enjoy flexible fullness with ABC’s Oval Lightweight! Our unique oval shape allows for versatile fitting, creating a more personalized wearing experience. Developed with ABC’s lightweight silicone, this prosthesis aids in managing shoulder tension; providing comfortable wear you can enjoy all day.","Essential Comfort, Effortless Ease Enjoy flexible fullness with ABC’s Oval Lightweight! Our unique oval shape allows for versatile fitting, creating a more personalized wearing experience. Developed with ABC’s lightweight silicone, this prosthesis aids in managing shoulder tension; providing comfortable wear you can enjoy all day. adjustable fullness blush 1 -14 Reimbursement: Covered by Medicare, Medicaid, and most private insurance plans. Colors & sizes may have select availability among ABC retailers. Contact a retailer near you. Find a retailer/certified fitter Made in the USA",taxable,1,,Breast Forms,Breast Forms,"https://americanbreastcare.com/wp-content/uploads/2019/04/1032.jpg, https://americanbreastcare.com/wp-content/uploads/2019/05/1004-Teardrop-zoom.jpg, https://americanbreastcare.com/wp-content/uploads/2019/04/10250.jpg, https://americanbreastcare.com/wp-content/uploads/2019/04/10271.jpg, https://americanbreastcare.com/wp-content/uploads/2019/04/1042.jpg",,Color,Blush,1,1,Size,"1, 2, 3, 4, 5, 6, 7, 8, 9, 10, 11, 12, 13, 14",1,1
variation,ABC-1032-V,1032 Oval Lightweight,1,,visible,,,taxable,1,176.00,,,,ABC-1032,Color,,,1,Size,,,1
variable,ABC-10295,10295 Massage Form® Silhouette,1,0,visible,"Enjoy the cooling comfort of The Massage Form® Silhouette; developed with ABC’s Patented Massage Technology! Specialized channels encourage airflow, helping to reduce heat retention and provide a soothing touch; especially great for women experiencing symptoms associated with Lymphedema. Our lightweight silicone minimizes tension on shoulders for comfortable wear while presenting a soft, natural appearance.","Patented Massage Technology- Massages, Hugs, Cools Enjoy the cooling comfort of The Massage Form® Silhouette; developed with ABC’s Patented Massage Technology! Specialized channels encourage airflow, helping to reduce heat retention and provide a soothing touch; especially great for women experiencing symptoms associated with Lymphedema. Our lightweight silicone minimizes tension on shoulders for comfortable wear while presenting a soft, natural appearance. massaging feelingcooler feelinglighter-weight blush 1 – 14 Reimbursement: Covered by Medicare, Medicaid, and most private insurance plans. Colors & sizes may have select availability among ABC retailers. Contact a retailer near you. Find a retailer/certified fitter Made in the USA",taxable,1,,Breast Forms,Breast Forms,"https://americanbreastcare.com/wp-content/uploads/2019/05/10295-300x300.jpg, https://americanbreastcare.com/wp-content/uploads/2019/04/1044.jpg, https://americanbreastcare.com/wp-content/uploads/2019/04/931-Swim-Form.jpg, https://americanbreastcare.com/wp-content/uploads/2019/04/1042.jpg, https://americanbreastcare.com/wp-content/uploads/2019/08/10142-Basic-Triangle-Front-1500x1500.jpg",,Color,Blush,1,1,Size,"1, 2, 3, 4, 5, 6, 7, 8, 9, 10, 11, 12, 13, 14",1,1
variation,ABC-10295-V,10295 Massage Form® Silhouette,1,,visible,,,taxable,1,208.00,,,,ABC-10295,Color,,,1,Size,,,1
variable,ABC-10292,10292 Silhouette Lightweight,1,0,visible,"Expertly crafted with soft, lightweight silicone, the Silhouette Lightweight breast form provides long-lasting comfort. It features moderate projection for a naturally modest profile. Designed with a unique “silhouette” shape, the Silhouette Lightweight fits discreetly into a variety of bra styles..","Embrace Comfort & Confidence with ABC’s Silhouette Lightweight Expertly crafted with soft, lightweight silicone, the Silhouette Lightweight breast form provides long-lasting comfort. It features moderate projection for a naturally modest profile. Designed with a unique “silhouette” shape, the Silhouette Lightweight fits discreetly into a variety of bra styles.. tan tawny 1 – 12 Reimbursement: Covered by Medicare, Medicaid, and most private insurance plans. Colors & sizes may have select availability among ABC retailers. Contact a retailer near you. Find a retailer/certified fitter Made in the USA",taxable,1,,Breast Forms,Breast Forms,"https://americanbreastcare.com/wp-content/uploads/2024/02/10292.png, https://americanbreastcare.com/wp-content/uploads/2019/04/10271.jpg, https://americanbreastcare.com/wp-content/uploads/2019/05/1072-back.webp, https://americanbreastcare.com/wp-content/uploads/2019/05/10270-back.webp, https://americanbreastcare.com/wp-content/uploads/2019/04/10281.jpg",,Color,Tan   Tawny,1,1,Size,"1, 2, 3, 4, 5, 6, 7, 8, 9, 10, 11, 12",1,1
variation,ABC-10292-V,10292 Silhouette Lightweight,1,,visible,,,taxable,1,181.00,,,,ABC-10292,Color,,,1,Size,,,1
variable,ABC-10288,10288 ABC Diamond Classic,1,0,visible,"Experience a remarkable cool with ABC’s Diamond Classic! ABC created our patented Diamond Layer Technology to hug your chest wall providing a secure fit. Our specialized diamond pattern minimizes perspiration, increases evaporation rate during activity and reduces shifting in bra for ease of wear. Featuring ABC’s lightweight silicone, this prosthesis presents a soft fullness for a natural look and feel.","Patented Diamond Layer Technology- Comfortable Cool For An Active Lifestyle! Experience a remarkable cool with ABC’s Diamond Classic! ABC created our patented Diamond Layer Technology to hug your chest wall providing a secure fit. Our specialized diamond pattern minimizes perspiration, increases evaporation rate during activity and reduces shifting in bra for ease of wear. Featuring ABC’s lightweight silicone, this prosthesis presents a soft fullness for a natural look and feel. cooler feelinglighter-weightextra secure fit blush 1 – 12 Reimbursement: Covered by Medicare, Medicaid, and most private insurance plans. Colors & sizes may have select availability among ABC retailers. Contact a retailer near you. Find a retailer/certified fitter Made in the USA",taxable,1,,Breast Forms,Breast Forms,"https://americanbreastcare.com/wp-content/uploads/2019/05/10288-300x300.jpg, https://americanbreastcare.com/wp-content/uploads/2019/04/10280.jpg, https://americanbreastcare.com/wp-content/uploads/2019/05/1004-Teardrop-zoom.jpg, https://americanbreastcare.com/wp-content/uploads/2019/04/1042.jpg, https://americanbreastcare.com/wp-content/uploads/2019/05/10270-back.webp",,Color,Blush,1,1,Size,"1, 2, 3, 4, 5, 6, 7, 8, 9, 10, 11, 12",1,1
variation,ABC-10288-V,10288 ABC Diamond Classic,1,,visible,,,taxable,1,208.00,,,,ABC-10288,Color,,,1,Size,,,1
variable,ABC-10287,10287 ABC Diamond,1,0,visible,"Experience a remarkable cool with ABC’s Diamond! ABC created our patented Diamond Layer Technology to provide a secure fit and a gentle massage while wearing. Our specialized diamond pattern minimizes perspiration, increases evaporation rate during activity and reduces shifting in bra for ease of wear. Enjoy cooling comfort with the ABC Diamond!","Patented Diamond Layer Technology- Comfortable Cool For An Active Lifestyle! Experience a remarkable cool with ABC’s Diamond! ABC created our patented Diamond Layer Technology to provide a secure fit and a gentle massage while wearing. Our specialized diamond pattern minimizes perspiration, increases evaporation rate during activity and reduces shifting in bra for ease of wear. Enjoy cooling comfort with the ABC Diamond! cooler feelinglighter-weightextra secure fit blush 1 – 12 Reimbursement: Covered by Medicare, Medicaid, and most private insurance plans. Colors & sizes may have select availability among ABC retailers. Contact a retailer near you. Find a retailer/certified fitter Made in the USA",taxable,1,,Breast Forms,Breast Forms,"https://americanbreastcare.com/wp-content/uploads/2019/05/10287-e1569350505409.jpg, https://americanbreastcare.com/wp-content/uploads/2019/05/10475-300x300.jpg, https://americanbreastcare.com/wp-content/uploads/2019/04/10251.jpg, https://americanbreastcare.com/wp-content/uploads/2019/05/10225-2-e1569350461436.jpg, https://americanbreastcare.com/wp-content/uploads/2019/04/10250.jpg",,Color,Blush,1,1,Size,"1, 2, 3, 4, 5, 6, 7, 8, 9, 10, 11, 12",1,1
variation,ABC-10287-V,10287 ABC Diamond,1,,visible,,,taxable,1,208.00,,,,ABC-10287,Color,,,1,Size,,,1
variable,ABC-10285,10285 Massage Form®Symmetric,1,0,visible,"Designed for your absolute comfort and confidence, this form is made from an incredible lightweight silicone, making all-day wear feel effortless. It features a unique, patented Massage back that provides a gentle, soothing touch against your chest wall. Especially great for women experiencing symptoms associated with Lymphedema. Expertly shaped with a smooth, anatomical curve, the form hugs your body beautifully for a natural, snug fit that stays securely in place without shifting.","Patented Massage Technology- Soothing, Cool, Comfort Designed for your absolute comfort and confidence, this form is made from an incredible lightweight silicone, making all-day wear feel effortless. It features a unique, patented Massage back that provides a gentle, soothing touch against your chest wall. Especially great for women experiencing symptoms associated with Lymphedema. Expertly shaped with a smooth, anatomical curve, the form hugs your body beautifully for a natural, snug fit that stays securely in place without shifting. massaging feelingcooler feelinglighter-weight tan tawny 1 – 14 Reimbursement: Covered by Medicare, Medicaid, and most private insurance plans. Colors & sizes may have select availability among ABC retailers. Contact a retailer near. Find a retailer/certified fitter Made in the USA",taxable,1,,Breast Forms,Breast Forms,"https://americanbreastcare.com/wp-content/uploads/2025/10/10285.webp, https://americanbreastcare.com/wp-content/uploads/2019/05/10288-300x300.jpg, https://americanbreastcare.com/wp-content/uploads/2019/05/10475-300x300.jpg, https://americanbreastcare.com/wp-content/uploads/2019/05/10218-back.webp, https://americanbreastcare.com/wp-content/uploads/2019/04/1044.jpg",,Color,Tan  Tawny,1,1,Size,"1, 2, 3, 4, 5, 6, 7, 8, 9, 10, 11, 12, 13, 14",1,1
variation,ABC-10285-V,10285 Massage Form®Symmetric,1,,visible,,,taxable,1,208.00,,,,ABC-10285,Color,,,1,Size,,,1
variable,ABC-10282,10282 ABC Symmetric Lightweight,1,0,visible,"Survivors will love the lightweight comfort of ABC’s Symmetric Lightweight! Our symmetrical design fits and flatters a wide variety of body types and provides a natural appearance and silhouette. Developed with ABC’s lightweight silicone, this breast form helps to manage shoulder tension for exceptional comfort.","Exceptional Lightweight Comfort! Survivors will love the lightweight comfort of ABC’s Symmetric Lightweight! Our symmetrical design fits and flatters a wide variety of body types and provides a natural appearance and silhouette. Developed with ABC’s lightweight silicone, this breast form helps to manage shoulder tension for exceptional comfort. lightweight comfortextra secure fit blush tawny 1 – 12 Reimbursement: Covered by Medicare, Medicaid, and most private insurance plans. Colors & sizes may have select availability among ABC retailers. Contact a retailer near you. Find a retailer/certified fitter Made in the USA",taxable,1,,Breast Forms,Breast Forms,"https://americanbreastcare.com/wp-content/uploads/2023/02/1-Blush-10282.jpg, https://americanbreastcare.com/wp-content/uploads/2019/05/10218-back.webp, https://americanbreastcare.com/wp-content/uploads/2019/04/1032.jpg, https://americanbreastcare.com/wp-content/uploads/2019/08/10575-300x300.jpg, https://americanbreastcare.com/wp-content/uploads/2019/05/10222-back.webp",,Color,Blush  Tawny,1,1,Size,"1, 2, 3, 4, 5, 6, 7, 8, 9, 10, 11, 12",1,1
variation,ABC-10282-V,10282 ABC Symmetric Lightweight,1,,visible,,,taxable,1,181.00,,,,ABC-10282,Color,,,1,Size,,,1
variable,ABC-10281,10281 ABC Symmetric Air,1,0,visible,"Enjoy full-coverage comfort with ABC’s Symmetric Air. Our specialized design features a curved triangle shape that provides full coverage while minimizing shifting for a secure wear. Developed with ABC’s lightest Air Silicone, this prosthesis aids in managing shoulder tension to keep sensitive areas comfortable. Experience carefree wear with ABC’s Symmetric Air!","Airy Comfort for Your Carefree Lifestyle! Enjoy full-coverage comfort with ABC’s Symmetric Air. Our specialized design features a curved triangle shape that provides full coverage while minimizing shifting for a secure wear. Developed with ABC’s lightest Air Silicone, this prosthesis aids in managing shoulder tension to keep sensitive areas comfortable. Experience carefree wear with ABC’s Symmetric Air! lightweight comfortextra secure fit blush 1 – 12 Reimbursement: Covered by Medicare, Medicaid, and most private insurance plans. Colors & sizes may have select availability among ABC retailers. Contact a retailer near you. Find a retailer/certified fitter Made in the USA",taxable,1,,Breast Forms,Breast Forms,"https://americanbreastcare.com/wp-content/uploads/2019/04/10281.jpg, https://americanbreastcare.com/wp-content/uploads/2019/05/10225-2-e1569350461436.jpg, https://americanbreastcare.com/wp-content/uploads/2019/08/10575-300x300.jpg, https://americanbreastcare.com/wp-content/uploads/2019/08/10142-Basic-Triangle-Front-1500x1500.jpg, https://americanbreastcare.com/wp-content/uploads/2019/04/10271.jpg",,Color,Blush,1,1,Size,"1, 2, 3, 4, 5, 6, 7, 8, 9, 10, 11, 12",1,1
variation,ABC-10281-V,10281 ABC Symmetric Air,1,,visible,,,taxable,1,194.00,,,,ABC-10281,Color,,,1,Size,,,1
variable,ABC-10280,10280 Flowable Back Symmetric,1,0,visible,"Enjoy full-range comfort with ABC’s Flowable Symmetric. Developed with ABC’s lightweight silicone, this prosthesis helps to manage shoulder tension for exceptional comfort. Our rounded triangle design features an edge-to-edge flowable gel back that contours to your body’s curves for a snug fit and remarkable comfort.","Essential Comfort, Effortless Ease Enjoy full-range comfort with ABC’s Flowable Symmetric. Developed with ABC’s lightweight silicone, this prosthesis helps to manage shoulder tension for exceptional comfort. Our rounded triangle design features an edge-to-edge flowable gel back that contours to your body’s curves for a snug fit and remarkable comfort. lightweight comfortextra secure fit blush 1 – 12 Reimbursement: Covered by Medicare, Medicaid, and most private insurance plans. Colors & sizes may have select availability among ABC retailers. Contact a retailer near you. Find a retailer/certified fitter Made in the USA",taxable,1,,Breast Forms,Breast Forms,"https://americanbreastcare.com/wp-content/uploads/2019/04/10280.jpg, https://americanbreastcare.com/wp-content/uploads/2019/05/1072-back.webp, https://americanbreastcare.com/wp-content/uploads/2019/05/10225-2-e1569350461436.jpg, https://americanbreastcare.com/wp-content/uploads/2019/08/10142-Basic-Triangle-Front-1500x1500.jpg, https://americanbreastcare.com/wp-content/uploads/2019/04/1042.jpg",,Color,Blush,1,1,Size,"1, 2, 3, 4, 5, 6, 7, 8, 9, 10, 11, 12",1,1
variation,ABC-10280-V,10280 Flowable Back Symmetric,1,,visible,,,taxable,1,150.00,,,,ABC-10280,Color,,,1,Size,,,1
variable,ABC-10276,10276 ABC MyShape Triangle,1,0,visible,Enjoy the comfort of a truly personalized fit with the ABC MyShape Triangle with patented Amandasil™ Technology! This form has ABC’s classic triangle profile that provides a comfortable and secure fit for women with surgical site undulations or deficits. Especially good for women who need a wider footprint or need a mature drape to their breast form.,"With Patented Amandasil™ Technology Enjoy the comfort of a truly personalized fit with the ABC MyShape Triangle with patented Amandasil™ Technology! This form has ABC’s classic triangle profile that provides a comfortable and secure fit for women with surgical site undulations or deficits. Especially good for women who need a wider footprint or need a mature drape to their breast form. adjustable fullness Colors: blush tawny 3 – 12 Reimbursement: Covered by Medicare, Medicaid, and most private insurance plans. Colors & sizes may have select availability among ABC retailers. Contact a retailer near you for more information. Find a retailer/certified fitter Made in the USA",taxable,1,,Breast Forms,Breast Forms,"https://americanbreastcare.com/wp-content/uploads/2021/12/10276-MyShape-Triangle-BF-tawny-300x300.jpg, https://americanbreastcare.com/wp-content/uploads/2019/05/10218-back.webp, https://americanbreastcare.com/wp-content/uploads/2019/04/1041.jpg, https://americanbreastcare.com/wp-content/uploads/2019/05/10225-2-e1569350461436.jpg, https://americanbreastcare.com/wp-content/uploads/2019/05/10222-back.webp",,Color,Colors:  blush  tawny,1,1,Size,"3, 4, 5, 6, 7, 8, 9, 10, 11, 12",1,1
variation,ABC-10276-V,10276 ABC MyShape Triangle,1,,visible,,,taxable,1,208.00,,,,ABC-10276,Color,,,1,Size,,,1
variable,ABC-10275,10275 Massage Form® Super-Soft,1,0,visible,"Enjoy the cooling comfort of The Massage Form ® Super-Soft ; developed with ABC’s Patented Massage Technology! Specialized channels encourage airflow, helping to reduce heat retention and provide a soothing touch; especially great for women experiencing symptoms associated with Lymphedema. Our Super- Soft lightweight silicone presents a natural appearance while minimizing tension on shoulders for comfortable wear.","Patented Massage Technology- Massages, Hugs, Cools Enjoy the cooling comfort of The Massage Form ® Super-Soft ; developed with ABC’s Patented Massage Technology! Specialized channels encourage airflow, helping to reduce heat retention and provide a soothing touch; especially great for women experiencing symptoms associated with Lymphedema. Our Super- Soft lightweight silicone presents a natural appearance while minimizing tension on shoulders for comfortable wear. massaging feelingcooler feelinglighter-weight Colors: blush tan tawny 1 – 14 Reimbursement: Covered by Medicare, Medicaid, and most private insurance plans. Colors & sizes may have select availability among ABC retailers. Contact a retailer near you for more information. Find a retailer/certified fitter Made in the USA",taxable,1,,Breast Forms,Breast Forms,"https://americanbreastcare.com/wp-content/uploads/2019/06/10275-1500x1500.jpg, https://americanbreastcare.com/wp-content/uploads/2019/05/10222-back.webp, https://americanbreastcare.com/wp-content/uploads/2019/04/931-Swim-Form.jpg, https://americanbreastcare.com/wp-content/uploads/2019/05/10270-back.webp, https://americanbreastcare.com/wp-content/uploads/2019/04/10271.jpg",,Color,Colors:  blush   tan   tawny,1,1,Size,"1, 2, 3, 4, 5, 6, 7, 8, 9, 10, 11, 12, 13, 14",1,1
variation,ABC-10275-V,10275 Massage Form® Super-Soft,1,,visible,,,taxable,1,208.00,,,,ABC-10275,Color,,,1,Size,,,1
variable,ABC-10272,10272 Classic Triangle Lightweight,1,0,visible,"Enjoy the lightweight comfort of ABC’s Classic Triangle Lightweight! Our triangle design fits and flatters a wide variety of body types, providing a natural appearance and silhouette. Developed with ABC’s lightweight silicone, this prosthesis helps to manage shoulder tension for exceptional comfort.","Essential Comfort, Effortless Ease Enjoy the lightweight comfort of ABC’s Classic Triangle Lightweight! Our triangle design fits and flatters a wide variety of body types, providing a natural appearance and silhouette. Developed with ABC’s lightweight silicone, this prosthesis helps to manage shoulder tension for exceptional comfort. blush 1 – 14 Reimbursement: Covered by Medicare, Medicaid, and most private insurance plans. Colors & sizes may have select availability among ABC retailers. Contact a retailer near Find a retailer/certified fitter Made in the USA",taxable,1,,Breast Forms,Breast Forms,"https://americanbreastcare.com/wp-content/uploads/2019/05/10272-back.webp, https://americanbreastcare.com/wp-content/uploads/2019/08/10575-300x300.jpg, https://americanbreastcare.com/wp-content/uploads/2019/05/10475-300x300.jpg, https://americanbreastcare.com/wp-content/uploads/2019/04/1041.jpg, https://americanbreastcare.com/wp-content/uploads/2019/04/1044.jpg",,Color,Blush,1,1,Size,"1, 2, 3, 4, 5, 6, 7, 8, 9, 10, 11, 12, 13, 14",1,1
variation,ABC-10272-V,10272 Classic Triangle Lightweight,1,,visible,,,taxable,1,181.00,,,,ABC-10272,Color,,,1,Size,,,1
variable,ABC-10271,10271 Classic Triangle Air,1,0,visible,"You’ll love the classic look and soft comfort of ABC’s Classic Triangle Air. Our triangle design provides full coverage that fits and flatters. Developed with ABC’s lightest air silicone, this prosthesis aids in managing shoulder tension to keep sensitive areas comfortable. Enjoy carefree wear with ABC’s Classic Triangle Air.","Airy Comfort for Your Carefree Lifestyle! You’ll love the classic look and soft comfort of ABC’s Classic Triangle Air. Our triangle design provides full coverage that fits and flatters. Developed with ABC’s lightest air silicone, this prosthesis aids in managing shoulder tension to keep sensitive areas comfortable. Enjoy carefree wear with ABC’s Classic Triangle Air. lightweight comfort blush 1 – 12 Reimbursement: Covered by Medicare, Medicaid, and most private insurance plans. Colors & sizes may have select availability among ABC retailers. Contact a retailer near you. Find a retailer/certified fitter Made in the USA",taxable,1,,Breast Forms,Breast Forms,"https://americanbreastcare.com/wp-content/uploads/2019/04/10271.jpg, https://americanbreastcare.com/wp-content/uploads/2019/04/10250.jpg, https://americanbreastcare.com/wp-content/uploads/2019/04/1042.jpg, https://americanbreastcare.com/wp-content/uploads/2019/04/931-Swim-Form.jpg, https://americanbreastcare.com/wp-content/uploads/2019/05/1072-back.webp",,Color,Blush,1,1,Size,"1, 2, 3, 4, 5, 6, 7, 8, 9, 10, 11, 12",1,1
variation,ABC-10271-V,10271 Classic Triangle Air,1,,visible,,,taxable,1,194.00,,,,ABC-10271,Color,,,1,Size,,,1
variable,ABC-10270,10270 Flowable Back Triangle,1,0,visible,"Experience outstanding comfort with ABC’s Flowable Back Triangle. Developed with ABC’s lightweight silicone, this prosthesis helps to manage shoulder tension for exceptional comfort. Our classic triangle design features an edge-to-edge flowable gel back that contours to your body’s curves for a snug fit and remarkable comfort.","Essential Comfort, Effortless Ease Experience outstanding comfort with ABC’s Flowable Back Triangle. Developed with ABC’s lightweight silicone, this prosthesis helps to manage shoulder tension for exceptional comfort. Our classic triangle design features an edge-to-edge flowable gel back that contours to your body’s curves for a snug fit and remarkable comfort. lightweight comfort blush 1 – 12 Reimbursement: Covered by Medicare, Medicaid, and most private insurance plans. Colors & sizes may have select availability among ABC retailers. Contact a retailer near you. Find a retailer/certified fitter Made in the USA",taxable,1,,Breast Forms,Breast Forms,"https://americanbreastcare.com/wp-content/uploads/2019/05/10270-back.webp, https://americanbreastcare.com/wp-content/uploads/2019/05/10475-300x300.jpg, https://americanbreastcare.com/wp-content/uploads/2019/08/10575-300x300.jpg, https://americanbreastcare.com/wp-content/uploads/2019/05/10225-2-e1569350461436.jpg, https://americanbreastcare.com/wp-content/uploads/2019/04/10280.jpg",,Color,Blush,1,1,Size,"1, 2, 3, 4, 5, 6, 7, 8, 9, 10, 11, 12",1,1
variation,ABC-10270-V,10270 Flowable Back Triangle,1,,visible,,,taxable,1,150.00,,,,ABC-10270,Color,,,1,Size,,,1
variable,ABC-10268,10268 Diamond RFS,1,0,visible,"Using years of extensive research and feedback from women like you, ABC created the Diamond RFS! Inspired by contemporary seamless bra styles, the Diamond RFS flows with gentle feminine curves that create the perfect silhouette. ABC’s Diamond Layer Technology minimizes perspiration, increases evaporation rate during activity, and reduces shifting in bra to provide the ultimate in comfort.","Patented Diamond Layer Technology- Comfortable Cool For An Active Lifestyle! Using years of extensive research and feedback from women like you, ABC created the Diamond RFS! Inspired by contemporary seamless bra styles, the Diamond RFS flows with gentle feminine curves that create the perfect silhouette. ABC’s Diamond Layer Technology minimizes perspiration, increases evaporation rate during activity, and reduces shifting in bra to provide the ultimate in comfort. massaging feelingcooler feelinglighter-weight Colors: blush tawny 3 – 14 Reimbursement: Covered by Medicare, Medicaid, and most private insurance plans. Colors & sizes may have select availability among ABC retailers. Contact a retailer near you. Find a retailer/certified fitter Made in the USA",taxable,1,,Breast Forms,Breast Forms,"https://americanbreastcare.com/wp-content/uploads/2019/05/10268-back.webp, https://americanbreastcare.com/wp-content/uploads/2019/05/1004-Teardrop-zoom.jpg, https://americanbreastcare.com/wp-content/uploads/2019/05/10225-2-e1569350461436.jpg, https://americanbreastcare.com/wp-content/uploads/2019/05/10287-e1569350505409.jpg, https://americanbreastcare.com/wp-content/uploads/2019/04/1042.jpg",,Color,Colors:  blush    tawny,1,1,Size,"3, 4, 5, 6, 7, 8, 9, 10, 11, 12, 13, 14",1,1
variation,ABC-10268-V,10268 Diamond RFS,1,,visible,,,taxable,1,211.00,,,,ABC-10268,Color,,,1,Size,,,1
variable,ABC-10266,10266 ABC MyShape RFS with Amandasil™ Technology,1,0,visible,"Experience a natural look and personalized comfort with the Amandasil™ RFS by American Breast Care. This innovative breast form features a revolutionary design with a narrow footprint. The Amandasil™ back conforms and molds for a perfect fit, while the projected silhouette creates a natural, full bust shape that complements contemporary bra styles.","Patented Amandasil™ Technology adjustable fullness Experience a natural look and personalized comfort with the Amandasil™ RFS by American Breast Care. This innovative breast form features a revolutionary design with a narrow footprint. The Amandasil™ back conforms and molds for a perfect fit, while the projected silhouette creates a natural, full bust shape that complements contemporary bra styles. Colors: blush 3 – 14 Reimbursement: Covered by Medicare, Medicaid, and most private insurance plans. Colors & sizes may have select availability among ABC retailers. Contact a retailer near you for more information. Find a retailer/certified fitter Made in the USA",taxable,1,,Breast Forms,Breast Forms,"https://americanbreastcare.com/wp-content/uploads/2019/11/10266-blush1.webp, https://americanbreastcare.com/wp-content/uploads/2019/04/10271.jpg, https://americanbreastcare.com/wp-content/uploads/2019/05/10287-e1569350505409.jpg, https://americanbreastcare.com/wp-content/uploads/2019/05/10268-back.webp, https://americanbreastcare.com/wp-content/uploads/2019/04/10251.jpg",,Color,Colors:  blush,1,1,Size,"3, 4, 5, 6, 7, 8, 9, 10, 11, 12, 13, 14",1,1
variation,ABC-10266-V,10266 ABC MyShape RFS with Amandasil™ Technology,1,,visible,,,taxable,1,211.00,,,,ABC-10266,Color,,,1,Size,,,1
simple,ABC-10251,10251 ABC Classic Asymmetric Air,1,0,visible,"You’ll love ABC’s Classic Asymmetric Air! Our unique asymmetric design (with versatile side extension) provides targeted fullness tailored to your preference. Developed with ABC’s lightest Air Silicone, this prosthesis aids in managing shoulder tension- helping to keep sensitive areas comfortable! Enjoy carefree wear with ABC’s Classic Asymmetric Air.","Airy Comfort for Your Carefree Lifestyle! You’ll love ABC’s Classic Asymmetric Air! Our unique asymmetric design (with versatile side extension) provides targeted fullness tailored to your preference. Developed with ABC’s lightest Air Silicone, this prosthesis aids in managing shoulder tension- helping to keep sensitive areas comfortable! Enjoy carefree wear with ABC’s Classic Asymmetric Air. adjustable fullness blush Sizes: (L/R) 1 – 14 Reimbursement: Covered by Medicare, Medicaid, and most private insurance plans. Colors & sizes may have select availability among ABC retailers. Contact a retailer near you. Find a retailer/certified fitter Made in the USA",taxable,1,194.00,Breast Forms,Breast Forms,"https://americanbreastcare.com/wp-content/uploads/2019/04/10251.jpg, https://americanbreastcare.com/wp-content/uploads/2019/05/10288-300x300.jpg, https://americanbreastcare.com/wp-content/uploads/2019/05/10287-e1569350505409.jpg, https://americanbreastcare.com/wp-content/uploads/2019/05/1004-Teardrop-zoom.jpg, https://americanbreastcare.com/wp-content/uploads/2019/04/1042.jpg",,Color,Blush,1,1,Size,Sizes: (L/R) 1 – 14,1,1
simple,ABC-10250,10250 Flowable Back Classic Asymmetric,1,0,visible,"Experience outstanding comfort with ABC’s Flowable Back Classic Asymmetric. Developed with ABC’s lightweight silicone, this prosthesis helps to manage shoulder tension for exceptional comfort. Our unique asymmetric design angles fullness inward to minimize gapping and features an edge-to-edge flowable gel back that contours to your body’s curves for a snug fit and remarkable comfort.","Essential Comfort, Effortless Ease Experience outstanding comfort with ABC’s Flowable Back Classic Asymmetric. Developed with ABC’s lightweight silicone, this prosthesis helps to manage shoulder tension for exceptional comfort. Our unique asymmetric design angles fullness inward to minimize gapping and features an edge-to-edge flowable gel back that contours to your body’s curves for a snug fit and remarkable comfort. adjustable fullness Colors: blush tawny Sizes: (L/R) 1 – 14 Reimbursement: Covered by Medicare, Medicaid, and most private insurance plans. Colors & sizes may have select availability among ABC retailers. Contact a retailer near you. Find a retailer/certified fitter Made in the USA",taxable,1,150.00,Breast Forms,Breast Forms,"https://americanbreastcare.com/wp-content/uploads/2019/04/10250.jpg, https://americanbreastcare.com/wp-content/uploads/2019/04/1042.jpg, https://americanbreastcare.com/wp-content/uploads/2019/05/10288-300x300.jpg, https://americanbreastcare.com/wp-content/uploads/2019/05/10218-back.webp, https://americanbreastcare.com/wp-content/uploads/2019/04/1041.jpg",,Color,Colors:  blush    tawny,1,1,Size,Sizes: (L/R) 1 – 14,1,1
variable,ABC-10245,10245 Massage Form® Triangle,1,0,visible,"Enjoy the cooling comfort of The Massage Form ® Triangle; Developed to embody the highest levels of comfort, ABC is proud to introduce the Massage Form® Triangle. The newest addition to our signature Massage collection, the Massage Form® Triangle features ABC’s patented Massage Technology! Specialized channels encourage airflow, helping to reduce heat retention. Our new gel back feature offers a soothing touch along sensitive skin, giving long-lasting comfort","Patented Massage Technology- Massages, Hugs, Cools Enjoy the cooling comfort of The Massage Form ® Triangle; Developed to embody the highest levels of comfort, ABC is proud to introduce the Massage Form® Triangle. The newest addition to our signature Massage collection, the Massage Form® Triangle features ABC’s patented Massage Technology! Specialized channels encourage airflow, helping to reduce heat retention. Our new gel back feature offers a soothing touch along sensitive skin, giving long-lasting comfort massaging feelingcooler feelinglighter-weight Colors: blush tawny 1 – 12 Reimbursement: Covered by Medicare, Medicaid, and most private insurance plans. Colors & sizes may have select availability among ABC retailers. Contact a retailer near you for more information. Find a retailer/certified fitter Made in the USA",taxable,1,,Breast Forms,Breast Forms,"https://americanbreastcare.com/wp-content/uploads/2023/09/10245t-back.webp, https://americanbreastcare.com/wp-content/uploads/2019/04/1044.jpg, https://americanbreastcare.com/wp-content/uploads/2019/05/10270-back.webp, https://americanbreastcare.com/wp-content/uploads/2019/05/10272-back.webp, https://americanbreastcare.com/wp-content/uploads/2019/04/10271.jpg",,Color,Colors:  blush    tawny,1,1,Size,"1, 2, 3, 4, 5, 6, 7, 8, 9, 10, 11, 12",1,1
variation,ABC-10245-V,10245 Massage Form® Triangle,1,,visible,,,taxable,1,208.00,,,,ABC-10245,Color,,,1,Size,,,1
simple,ABC-10225,10225 Massage Form® Asymmetric,1,0,visible,"Enjoy the cooling comfort of The Massage Form® Asymmetric; developed with ABC’s Patented Massage Technology! Specialized channels encourage airflow, helping to reduce heat retention and provide a soothing touch; especially great for women experiencing symptoms associated with Lymphedema. ABCs unique asymmetric design with underarm extension provides fullness, creating symmetry in clothing and comfortable support.","Patented Massage Technology- Massages, Hugs, Cools Enjoy the cooling comfort of The Massage Form® Asymmetric; developed with ABC’s Patented Massage Technology! Specialized channels encourage airflow, helping to reduce heat retention and provide a soothing touch; especially great for women experiencing symptoms associated with Lymphedema. ABCs unique asymmetric design with underarm extension provides fullness, creating symmetry in clothing and comfortable support. massaging feelingcooler feelinglighter-weightextra secure fit blush (L/R) 3 – 14 Reimbursement: Covered by Medicare, Medicaid, and most private insurance plans. Colors & sizes may have select availability among ABC retailers. Contact a retailer near you. Find a retailer/certified fitter Made in the USA",taxable,1,208.00,Breast Forms,Breast Forms,"https://americanbreastcare.com/wp-content/uploads/2019/05/10225-2-e1569350461436.jpg, https://americanbreastcare.com/wp-content/uploads/2019/05/10295-300x300.jpg, https://americanbreastcare.com/wp-content/uploads/2019/05/10287-e1569350505409.jpg, https://americanbreastcare.com/wp-content/uploads/2019/05/10222-back.webp, https://americanbreastcare.com/wp-content/uploads/2019/08/10142-Basic-Triangle-Front-1500x1500.jpg",,Color,Blush,1,1,Size,(L/R) 3 – 14,1,1
simple,ABC-10222,10222 Asymmetric Lightweight,1,0,visible,"Enjoy complete comfort with ABC’s Asymmetric Lightweight! Our unique asymmetric design (with side extension) provides full coverage for increased comfort. Developed with ABC’s lightweight silicone, this prosthesis aids in managing shoulder tension to keep sensitive areas comfortable","Essential Comfort, Effortless Ease Enjoy complete comfort with ABC’s Asymmetric Lightweight! Our unique asymmetric design (with side extension) provides full coverage for increased comfort. Developed with ABC’s lightweight silicone, this prosthesis aids in managing shoulder tension to keep sensitive areas comfortable lightweight comfortextra secure fit blush (L/R) 1 – 12 Reimbursement: Covered by Medicare, Medicaid, and most private insurance plans. Colors & sizes may have select availability among ABC retailers. Contact a retailer near you. Find a retailer/certified fitter Made in the USA",taxable,1,181.00,Breast Forms,Breast Forms,"https://americanbreastcare.com/wp-content/uploads/2019/05/10222-back.webp, https://americanbreastcare.com/wp-content/uploads/2019/05/10475-300x300.jpg, https://americanbreastcare.com/wp-content/uploads/2019/05/10272-back.webp, https://americanbreastcare.com/wp-content/uploads/2019/05/10287-e1569350505409.jpg, https://americanbreastcare.com/wp-content/uploads/2019/04/931-Swim-Form.jpg",,Color,Blush,1,1,Size,(L/R) 1 – 12,1,1
simple,ABC-10218,10218 ABC Diamond Asymmetric,1,0,visible,"Experience a remarkable cool with ABC’s Diamond Asymmetric! ABC created our patented Diamond Layer Technology to provide a secure fit and a confident wearing experience for women like you. Our specialized diamond pattern minimizes perspiration, increases evaporation rate during activity and reduces shifting in bra for ease of wear. Created with ABC’s lightweight silicone, this prosthesis features a side extension for full coverage and superior comfort.","Patented Diamond Layer Technology- Comfortable Cool For An Active Lifestyle! Experience a remarkable cool with ABC’s Diamond Asymmetric! ABC created our patented Diamond Layer Technology to provide a secure fit and a confident wearing experience for women like you. Our specialized diamond pattern minimizes perspiration, increases evaporation rate during activity and reduces shifting in bra for ease of wear. Created with ABC’s lightweight silicone, this prosthesis features a side extension for full coverage and superior comfort. cooler feelinglighter-weightextra secure fit blush (L/R) 3 – 14 Reimbursement: Covered by Medicare, Medicaid, and most private insurance plans. Colors & sizes may have select availability among ABC retailers. Contact a retailer near you. Find a retailer/certified fitter Made in the USA",taxable,1,208.00,Breast Forms,Breast Forms,"https://americanbreastcare.com/wp-content/uploads/2019/05/10218-back.webp, https://americanbreastcare.com/wp-content/uploads/2019/05/10270-back.webp, https://americanbreastcare.com/wp-content/uploads/2019/04/10250.jpg, https://americanbreastcare.com/wp-content/uploads/2019/04/10271.jpg, https://americanbreastcare.com/wp-content/uploads/2019/05/10475-300x300.jpg",,Color,Blush,1,1,Size,(L/R) 3 – 14,1,1
simple,ABC-10211,10211 ABC Asymmetric Air,1,0,visible,"You’ll love ABC’s Asymmetric Air! Our unique asymmetric design, with side extension, provides full coverage for increased comfort. Developed with ABC’s lightest air silicone, this prosthesis aids in managing shoulder tension to keep sensitive areas comfortable!","Airy Comfort for Your Carefree Lifestyle! You’ll love ABC’s Asymmetric Air! Our unique asymmetric design, with side extension, provides full coverage for increased comfort. Developed with ABC’s lightest air silicone, this prosthesis aids in managing shoulder tension to keep sensitive areas comfortable! lightweight comfortextra secure fit blush (L/R) 3 -14 Reimbursement: Covered by Medicare, Medicaid, and most private insurance plans. Colors & sizes may have select availability among ABC retailers. Contact a retailer near you for more information. Find a retailer/certified fitter Made in the USA",taxable,1,194.00,Breast Forms,Breast Forms,"https://americanbreastcare.com/wp-content/uploads/2019/10/10211.jpg, https://americanbreastcare.com/wp-content/uploads/2019/05/10295-300x300.jpg, https://americanbreastcare.com/wp-content/uploads/2019/04/10251.jpg, https://americanbreastcare.com/wp-content/uploads/2019/04/1044.jpg, https://americanbreastcare.com/wp-content/uploads/2019/04/10280.jpg",,Color,Blush,1,1,Size,(L/R) 3 -14,1,1
variable,ABC-10205,10205 Massage Form® Ellipse,1,0,visible,"ABC’s newest breast prosthesis combines a lightweight silicone front with our patented Massage technology for a soothing, cool, and comfortable fit. The versatile ellipse shape is ideal for various breast reconstruction options, including implants and DIEP flap surgeries. Its larger footprint provides ample coverage, while the apex and full silhouette create a rounded contour.","Versatile Comfort + patented Massage Technology ABC’s newest breast prosthesis combines a lightweight silicone front with our patented Massage technology for a soothing, cool, and comfortable fit. The versatile ellipse shape is ideal for various breast reconstruction options, including implants and DIEP flap surgeries. Its larger footprint provides ample coverage, while the apex and full silhouette create a rounded contour. massaging feelingcooler feelinglighter-weight Colors: tan tawny 3, 5, 7, 9, 11, 13 Reimbursement: Covered by Medicare, Medicaid, and most private insurance plans. Colors & sizes may have select availability among ABC retailers. Contact a retailer near you for more information. Find a retailer/certified fitter Made in the USA",taxable,1,,Breast Forms,Breast Forms,"https://americanbreastcare.com/wp-content/uploads/2024/10/1025-Massage-Ellipse.png, https://americanbreastcare.com/wp-content/uploads/2019/05/10288-300x300.jpg, https://americanbreastcare.com/wp-content/uploads/2019/04/1042.jpg, https://americanbreastcare.com/wp-content/uploads/2019/06/10275-1500x1500.jpg, https://americanbreastcare.com/wp-content/uploads/2019/08/10575-300x300.jpg",,Color,Colors:  tan   tawny,1,1,Size,"3, 5, 7, 9, 11, 13",1,1
variation,ABC-10205-V,10205 Massage Form® Ellipse,1,,visible,,,taxable,1,208.00,,,,ABC-10205,Color,,,1,Size,,,1
variable,ABC-10142,10142 Basic Triangle Lightweight,1,0,visible,"For every woman, everyday ─ You’ll love ABC’s Basic Triangle Lightweight. Our design was created to fit and flatter most body/surgery types and boasts a matte front with an average profile for a natural appearance. Developed with ABC’s lightweight silicone, this prosthesis helps to manage shoulder tension for exceptional comfort. Experience superior comfort & ease of wear with ABC’s Basic Triangle Lightweight; the essential everyday form!","Essential Comfort, Effortless Ease For every woman, everyday ─ You’ll love ABC’s Basic Triangle Lightweight. Our design was created to fit and flatter most body/surgery types and boasts a matte front with an average profile for a natural appearance. Developed with ABC’s lightweight silicone, this prosthesis helps to manage shoulder tension for exceptional comfort. Experience superior comfort & ease of wear with ABC’s Basic Triangle Lightweight; the essential everyday form! lightweight comfort tan tawny 1 -17 Reimbursement: Covered by Medicare, Medicaid, and most private insurance plans. Colors & sizes may have select availability among ABC retailers. Contact a retailer near you for more information. Find a retailer/certified fitter Made in the USA",taxable,1,,Breast Forms,Breast Forms,"https://americanbreastcare.com/wp-content/uploads/2019/08/10142-Basic-Triangle-Front-1500x1500.jpg, https://americanbreastcare.com/wp-content/uploads/2019/05/10272-back.webp, https://americanbreastcare.com/wp-content/uploads/2019/04/1041.jpg, https://americanbreastcare.com/wp-content/uploads/2019/05/10288-300x300.jpg, https://americanbreastcare.com/wp-content/uploads/2019/04/10280.jpg",,Color,Tan  Tawny,1,1,Size,"1, 2, 3, 4, 5, 6, 7, 8, 9, 10, 11, 12, 13, 14, 15, 16, 17",1,1
variation,ABC-10142-V,10142 Basic Triangle Lightweight,1,,visible,,,taxable,1,133.00,,,,ABC-10142,Color,,,1,Size,,,1
variable,ABC-1004,1004 Teardrop Standard,1,0,visible,ABC’s Teardrop Standard features a full round shape that offers a natural silhouette. This prosthesis is great for multiple surgery types and can be worn in a variety of orientations to add fullness where you need it most.,"Essential Comfort, Effortless Ease ABC’s Teardrop Standard features a full round shape that offers a natural silhouette. This prosthesis is great for multiple surgery types and can be worn in a variety of orientations to add fullness where you need it most. fully-weight comfortadjustable fullness blush 1 -12 Reimbursement: Covered by Medicare, Medicaid, and most private insurance plans. Colors & sizes may have select availability among ABC retailers. Contact a retailer near you. Find a retailer/certified fitter Made in the USA",taxable,1,,Breast Forms,Breast Forms,"https://americanbreastcare.com/wp-content/uploads/2019/05/1004-Teardrop-zoom.jpg, https://americanbreastcare.com/wp-content/uploads/2019/05/1072-back.webp, https://americanbreastcare.com/wp-content/uploads/2019/04/10280.jpg, https://americanbreastcare.com/wp-content/uploads/2019/08/10575-300x300.jpg, https://americanbreastcare.com/wp-content/uploads/2019/04/1042.jpg",,Color,Blush,1,1,Size,"1, 2, 3, 4, 5, 6, 7, 8, 9, 10, 11, 12",1,1
variation,ABC-1004-V,1004 Teardrop Standard,1,,visible,,,taxable,1,156.00,,,,ABC-1004,Color,,,1,Size,,,1
variable,ABC-11785,11785 ABC’s AllSil™ Satin Massage Form® Shaper,1,0,visible,"Introducing AllSil™ Satin Massage Form® Shaper. Developed with our new skin-friendly, 100% silicone formula AllSil™, this shaper feels satin-smooth to the touch, making it a wonderful option to wear directly against the chest wall or within a pocketed bra. Signature design features starburst channels that simulate a soothing massage and comforting sensation on the skin.","The Next Level of Comfort and Confidence Introducing AllSil™ Satin Massage Form® Shaper. Developed with our new skin-friendly, 100% silicone formula AllSil™, this shaper feels satin-smooth to the touch, making it a wonderful option to wear directly against the chest wall or within a pocketed bra. Signature design features starburst channels that simulate a soothing massage and comforting sensation on the skin.",taxable,1,,Compression & Shapers,nan,"https://americanbreastcare.com/wp-content/uploads/2025/04/11785-Mocha-Honey-Img1.webp, https://americanbreastcare.com/wp-content/uploads/2019/04/11201-1-e1571958195349.jpg, https://americanbreastcare.com/wp-content/uploads/2024/12/619-black-bk-front-img2.webp, https://americanbreastcare.com/wp-content/uploads/2019/04/11202.jpg, https://americanbreastcare.com/wp-content/uploads/2019/05/11385-side.webp",,Color,"Honey, Mocha",1,1,Size,"3, 4, 5, 6, 7, 8, 9, 10, 11, 12",1,1
variation,ABC-11785-V,11785 ABC’s AllSil™ Satin Massage Form® Shaper,1,,visible,,,taxable,1,158.00,,,,ABC-11785,Color,,,1,Size,,,1
variable,ABC-11672,11672 ABC MyForm™ Shaper,1,0,visible,Enjoy the freedom of personalization with ABC’s MyForm™ Shaper! Our unique design is completely adjustable. Use ABC’s hypoallergenic fiber-fill to add fullness where you need it most. ABC’s lightweight silicone offers flexibility and helps to manage shoulder tension for outstanding comfort. The MyForm™ shaper is also useful for expander reconstructions where fiberfill can be removed as the expander process progresses.,Enjoy the freedom of personalization with ABC’s MyForm™ Shaper! Our unique design is completely adjustable. Use ABC’s hypoallergenic fiber-fill to add fullness where you need it most. ABC’s lightweight silicone offers flexibility and helps to manage shoulder tension for outstanding comfort. The MyForm™ shaper is also useful for expander reconstructions where fiberfill can be removed as the expander process progresses.,taxable,1,,Compression & Shapers,"asymmetry, enhancement, partial mastectomy, reconstruction","https://americanbreastcare.com/wp-content/uploads/2019/05/11672-side.webp, https://americanbreastcare.com/wp-content/uploads/2019/05/11385-side.webp, https://americanbreastcare.com/wp-content/uploads/2019/05/11285-back.webp, https://americanbreastcare.com/wp-content/uploads/2019/04/11201-1-e1571958195349.jpg, https://americanbreastcare.com/wp-content/uploads/2019/04/11204-1.jpg",,Color,Blush,1,1,Size,"3, 4, 5, 6, 7, 8, 9, 10, 11, 12",1,1
variation,ABC-11672-V,11672 ABC MyForm™ Shaper,1,,visible,,,taxable,1,155.00,,,,ABC-11672,Color,,,1,Size,,,1
variable,ABC-11385,11385 Massage Form® Shaper Lightweight,1,0,visible,"Enjoy the soothing caress of ABC’s Massage Shaper® Lightweight. ABC’s patented Massage Technology cools as it massages to increase comfort, especially for women experiencing symptoms related to lymphedema. This shaper is designed with specialized channels that encourage airflow to keep you cooler, longer! Our design provides superior comfort with lightweight fullness for a natural silhouette.","Patented Massage Technology- Massages, Hugs, Cools Enjoy the soothing caress of ABC’s Massage Shaper® Lightweight. ABC’s patented Massage Technology cools as it massages to increase comfort, especially for women experiencing symptoms related to lymphedema. This shaper is designed with specialized channels that encourage airflow to keep you cooler, longer! Our design provides superior comfort with lightweight fullness for a natural silhouette.",taxable,1,,Compression & Shapers,"asymmetry, enhancement, partial mastectomy, reconstruction","https://americanbreastcare.com/wp-content/uploads/2019/05/11385-side.webp, https://americanbreastcare.com/wp-content/uploads/2019/05/11285-back.webp, https://americanbreastcare.com/wp-content/uploads/2022/01/11276-back-300x300.jpg, https://americanbreastcare.com/wp-content/uploads/2019/04/1131.jpg, https://americanbreastcare.com/wp-content/uploads/2019/04/11201-1-e1571958195349.jpg",,Color,"Blush, Tawny",1,1,Size,"1, 2, 3, 4, 5, 6, 7, 8, 9, 10, 11, 12",1,1
variation,ABC-11385-V,11385 Massage Form® Shaper Lightweight,1,,visible,,,taxable,1,163.00,,,,ABC-11385,Color,,,1,Size,,,1
simple,ABC-1131,American Breast Care1131 Triangle Shaper,1,0,visible,,ABC’s Triangle Shaper provides full coverage for an enhanced silhouette. Our design features a unique anatomical curve and concentrates fullness at the apex of your breast for a close fit and natural look.,taxable,1,151.00,Compression & Shapers,"asymmetry, enhancement, partial mastectomy, reconstruction","https://americanbreastcare.com/wp-content/uploads/2019/04/1131.jpg, https://americanbreastcare.com/wp-content/uploads/2019/05/11385-side.webp, https://americanbreastcare.com/wp-content/uploads/2019/05/11242-back.webp, https://americanbreastcare.com/wp-content/uploads/2019/05/11287-side.webp, https://americanbreastcare.com/wp-content/uploads/2025/04/11785-Mocha-Honey-Img1.webp",,Color,Blush,1,1,,,,
simple,ABC-11287,11287 ABC Diamond Shaper Lightweight,1,0,visible,,"Patented Diamond Layer Technology- Comfortable Cool For An Active Lifestyle! Experience a remarkable cool with ABC’s Diamond Shaper Lightweight! ABC created our patented Diamond Layer Technology to minimize perspiration, increase evaporation rate during activity and reduce shifting in bra for easy, comfortable wear. Developed with ABC’s lightweight silicone, this shaper smoothes and enhances while keeping you cool to provide outstanding comfort.",taxable,1,158.00,Compression & Shapers,"asymmetry, enhancement, partial mastectomy, reconstruction","https://americanbreastcare.com/wp-content/uploads/2019/05/11287-side.webp, https://americanbreastcare.com/wp-content/uploads/2022/01/11276-back-300x300.jpg, https://americanbreastcare.com/wp-content/uploads/2019/05/11285-back.webp, https://americanbreastcare.com/wp-content/uploads/2025/04/11785-Mocha-Honey-Img1.webp, https://americanbreastcare.com/wp-content/uploads/2019/04/11204-1.jpg",,Color,Blush,1,1,,,,
variable,ABC-11285,11285 Massage Form® Shaper,1,0,visible,"Enjoy the soothing caress of ABC’s Massage Form® Shaper. ABC’s patented Massage Technology cools as it massages to increase comfort, especially for women experiencing symptoms related to lymphedema. This shaper is constructed with specialized channels that encourage airflow, helping to reduce heat retention. Our specialized design provides superior comfort with all-around fullness for a natural silhouette.","Patented Massage Technology- Massages, Hugs, Cools Enjoy the soothing caress of ABC’s Massage Form® Shaper. ABC’s patented Massage Technology cools as it massages to increase comfort, especially for women experiencing symptoms related to lymphedema. This shaper is constructed with specialized channels that encourage airflow, helping to reduce heat retention. Our specialized design provides superior comfort with all-around fullness for a natural silhouette.",taxable,1,,Compression & Shapers,nan,"https://americanbreastcare.com/wp-content/uploads/2019/05/11285-back.webp, https://americanbreastcare.com/wp-content/uploads/2025/04/11785-Mocha-Honey-Img1.webp, https://americanbreastcare.com/wp-content/uploads/2019/05/11287-side.webp, https://americanbreastcare.com/wp-content/uploads/2019/04/1131.jpg, https://americanbreastcare.com/wp-content/uploads/2019/05/11672-side.webp",,Color,Blush,1,1,Size,"1, 2, 3, 4, 5, 6, 7, 8, 9, 10, 11, 12",1,1
variation,ABC-11285-V,11285 Massage Form® Shaper,1,,visible,,,taxable,1,158.00,,,,ABC-11285,Color,,,1,Size,,,1
variable,ABC-11276,11276 ABC MyShaper,1,0,visible,"Our remarkable patented material, Amandasil™, is now available in a shaper! ABC’s MyShaper offers the added fullness you need with the flexibility and comfort of a personalized fit that you’ll love. The specialized moldable back flexes and forms to the body, offering the most personalized fit available in any off-the-shelf breast form or shaper! The MyShaper features a classic triangle profile that provides wonderful shaping in the bra cup.","With Patented Amandasil™ Technology Our remarkable patented material, Amandasil™, is now available in a shaper! ABC’s MyShaper offers the added fullness you need with the flexibility and comfort of a personalized fit that you’ll love. The specialized moldable back flexes and forms to the body, offering the most personalized fit available in any off-the-shelf breast form or shaper! The MyShaper features a classic triangle profile that provides wonderful shaping in the bra cup.",taxable,1,,Compression & Shapers,"diamond, lightweight, radical mastectomy, simple mastectomy, tawny","https://americanbreastcare.com/wp-content/uploads/2022/01/11276-back-300x300.jpg, https://americanbreastcare.com/wp-content/uploads/2019/11/10266-blush1.webp, https://americanbreastcare.com/wp-content/uploads/2022/03/10487-back.webp, https://americanbreastcare.com/wp-content/uploads/2019/04/11201-1-e1571958195349.jpg, https://americanbreastcare.com/wp-content/uploads/2019/05/10270-back.webp",,Color,Blush,1,1,Size,"3, 4, 5, 6, 7, 8, 9, 10, 11, 12",1,1
variation,ABC-11276-V,11276 ABC MyShaper,1,,visible,,,taxable,1,158.00,,,,ABC-11276,Color,,,1,Size,,,1
variable,ABC-11242,11242 Lightweight Triangle Shaper,1,0,visible,"Enjoy an enhanced silhouette with ABC’s Lightweight Triangle Shaper. Our triangle design fits easily into your favorite bra styles for a seamless look. This full-coverage shaper, developed with ABC’s lightweight silicone, adds overall fullness to restore balance and symmetry.","Enjoy an enhanced silhouette with ABC’s Lightweight Triangle Shaper. Our triangle design fits easily into your favorite bra styles for a seamless look. This full-coverage shaper, developed with ABC’s lightweight silicone, adds overall fullness to restore balance and symmetry.",taxable,1,,Compression & Shapers,"asymmetry, enhancement, partial mastectomy, reconstruction","https://americanbreastcare.com/wp-content/uploads/2019/05/11242-back.webp, https://americanbreastcare.com/wp-content/uploads/2019/04/11202.jpg, https://americanbreastcare.com/wp-content/uploads/2022/01/11276-back-300x300.jpg, https://americanbreastcare.com/wp-content/uploads/2019/04/1131.jpg, https://americanbreastcare.com/wp-content/uploads/2019/04/11212-1.jpg",,Color,"Blush, Tawny",1,1,Size,"3, 4, 5, 6, 7, 8, 9, 10",1,1
variation,ABC-11242-V,11242 Lightweight Triangle Shaper,1,,visible,,,taxable,1,151.00,,,,ABC-11242,Color,,,1,Size,,,1
variable,ABC-11212,American Breast Care11212 Elliptical Shaper Lightweight,1,0,visible,"Enjoy restored balance and symmetry with ABC’s Elliptical Shaper Lightweight. Our specialized design features an anatomical curve for a smooth transition. The unique elliptical shape concentrates fullness lower in your bra cup, improving balance and evenness for an enhanced silhouette.","Enjoy restored balance and symmetry with ABC’s Elliptical Shaper Lightweight. Our specialized design features an anatomical curve for a smooth transition. The unique elliptical shape concentrates fullness lower in your bra cup, improving balance and evenness for an enhanced silhouette. blush",taxable,1,,Compression & Shapers,Tag: partial mastectomy,"https://americanbreastcare.com/wp-content/uploads/2019/04/11212-1.jpg, https://americanbreastcare.com/wp-content/uploads/2019/05/11242-back.webp, https://americanbreastcare.com/wp-content/uploads/2019/04/11201-1-e1571958195349.jpg, https://americanbreastcare.com/wp-content/uploads/2019/05/11385-side.webp, https://americanbreastcare.com/wp-content/uploads/2019/04/11204-1.jpg",,Color,Blush,1,1,Size,"Sizes: 2, 4, 6, 8",1,1
variation,ABC-11212-V,American Breast Care11212 Elliptical Shaper Lightweight,1,,visible,,,taxable,1,151.00,,,,ABC-11212,Color,,,1,Size,,,1
variable,ABC-11204,American Breast Care11204 Teardrop Shaper,1,0,visible,ABC’s Teardrop Shaper features a full round shape that offers a natural silhouette. This versatile shaper is great for multiple surgery types and can be worn in a variety of orientations to add fullness where you need it most.,ABC’s Teardrop Shaper features a full round shape that offers a natural silhouette. This versatile shaper is great for multiple surgery types and can be worn in a variety of orientations to add fullness where you need it most. blush,taxable,1,,Compression & Shapers,"asymmetry, reconstruction","https://americanbreastcare.com/wp-content/uploads/2019/04/11204-1.jpg, https://americanbreastcare.com/wp-content/uploads/2025/04/11785-Mocha-Honey-Img1.webp, https://americanbreastcare.com/wp-content/uploads/2019/04/11212-1.jpg, https://americanbreastcare.com/wp-content/uploads/2019/05/11242-back.webp, https://americanbreastcare.com/wp-content/uploads/2019/04/1131.jpg",,Color,Blush,1,1,Size,"1, 2, 3, 4, 5, 6, 7, 8, 9, 10, 11, 12",1,1
variation,ABC-11204-V,American Breast Care11204 Teardrop Shaper,1,,visible,,,taxable,1,151.00,,,,ABC-11204,Color,,,1,Size,,,1
variable,ABC-11202,©americanbreastcare201911202 Apex Shaper Round,1,0,visible,"You’ll love the targeted fullness of ABC’s Apex Shaper. Designed to concentrate fullness at the apex of your breast, this shaper provides a rounded profile to balance and enhance your silhouette.","You’ll love the targeted fullness of ABC’s Apex Shaper. Designed to concentrate fullness at the apex of your breast, this shaper provides a rounded profile to balance and enhance your silhouette.",taxable,1,,Compression & Shapers,"enhancement, reconstruction","https://americanbreastcare.com/wp-content/uploads/2019/04/11202.jpg, https://americanbreastcare.com/wp-content/uploads/2019/04/11212-1.jpg, https://americanbreastcare.com/wp-content/uploads/2019/05/11385-side.webp, https://americanbreastcare.com/wp-content/uploads/2019/04/1131.jpg, https://americanbreastcare.com/wp-content/uploads/2019/05/11242-back.webp",,Color,Blush,1,1,Size,"2, 4, 6, 8",1,1
variation,ABC-11202-V,©americanbreastcare201911202 Apex Shaper Round,1,,visible,,,taxable,1,151.00,,,,ABC-11202,Color,,,1,Size,,,1
variable,ABC-11201,American Breast Care11201 Modified Triangle Shaper,1,0,visible,ABC’s Modified Triangle Shaper is a great choice for women looking to restore balance and symmetry. Our design features a unique anatomical curve and concentrates fullness at the apex of your breast for a close fit and natural look.,ABC’s Modified Triangle Shaper is a great choice for women looking to restore balance and symmetry. Our design features a unique anatomical curve and concentrates fullness at the apex of your breast for a close fit and natural look.,taxable,1,,Compression & Shapers,"asymmetry, reconstruction","https://americanbreastcare.com/wp-content/uploads/2019/04/11201-1-e1571958195349.jpg, https://americanbreastcare.com/wp-content/uploads/2019/05/11385-side.webp, https://americanbreastcare.com/wp-content/uploads/2019/05/11242-back.webp, https://americanbreastcare.com/wp-content/uploads/2019/05/11287-side.webp, https://americanbreastcare.com/wp-content/uploads/2019/05/11285-back.webp",,Color,Blush,1,1,Size,"1, 2, 3, 4, 5, 6, 7, 8, 9, 10",1,1
variation,ABC-11201-V,American Breast Care11201 Modified Triangle Shaper,1,,visible,,,taxable,1,151.00,,,,ABC-11201,Color,,,1,Size,,,1
simple,ABC-Y1224,Y1224 Groove Pad,1,0,visible,"Introducing Lymphy by ABC™ Groove Pad, a cool, new way to treat lymphedema and fibrosis. The Groove Pad was developed alongside practicing lymphedema therapists to elevate patient comfort and improve outcomes.","Introducing Lymphy by ABC™ Groove Pad, a cool, new way to treat lymphedema and fibrosis. The Groove Pad was developed alongside practicing lymphedema therapists to elevate patient comfort and improve outcomes.",taxable,1,60.00,Accessories,Post-Surgical,"https://americanbreastcare.com/wp-content/uploads/2026/03/1-Groove-Pad-Product.png, https://americanbreastcare.com/wp-content/uploads/2019/05/906-ABC-Nipple.jpg, https://americanbreastcare.com/wp-content/uploads/2019/05/921-Bra-Extender.jpg, https://americanbreastcare.com/wp-content/uploads/2019/11/breastform-wash.jpg, https://americanbreastcare.com/wp-content/uploads/2019/05/119-white.webp",,Color,Cool Blue,1,1,Size,Small,1,1
variable,ABC-932,932 Active Form,1,0,visible,"You’ll love the Active Form, by ABC- It’s perfect for your every day active needs! Our airy design features soft mesh that moves as you do. Lightweight & water friendly, wear ABC’s Active Form to a day at the pool, during your workout or even for a night on the town!","You’ll love the Active Form, by ABC- It’s perfect for your every day active needs! Our airy design features soft mesh that moves as you do. Lightweight & water friendly, wear ABC’s Active Form to a day at the pool, during your workout or even for a night on the town!",taxable,1,,Accessories,Post-Surgical,"https://americanbreastcare.com/wp-content/uploads/2019/04/932.jpg, https://americanbreastcare.com/wp-content/uploads/2019/05/924-Clear-Bra-Straps-White-Background.jpg, https://americanbreastcare.com/wp-content/uploads/2019/04/914-Post-Surgical-Kit.jpg, https://americanbreastcare.com/wp-content/uploads/2019/05/925-CareCloth-Pack.jpg, https://americanbreastcare.com/wp-content/uploads/2019/05/906-ABC-Nipple.jpg",,Color,Beige,1,1,Size,"1, 2, 3, 4, 5, 6, 7, 8, 9, 10, 11, 12, 13, 14",1,1
variation,ABC-932-V,932 Active Form,1,,visible,,,taxable,1,35.00,,,,ABC-932,Color,,,1,Size,,,1
variable,ABC-1001,1001 Travel and Storage Case,1,0,visible,"ABC’s chic Travel and Storage Case is the perfect way to discreetly pack and/or store your breast forms and shapers. For optimal product longevity, we recommend storing your prosthesis in this case.","ABC’s chic Travel and Storage Case is the perfect way to discreetly pack and/or store your breast forms and shapers. For optimal product longevity, we recommend storing your prosthesis in this case.",taxable,1,,Accessories,puffs,"https://americanbreastcare.com/wp-content/uploads/2019/05/Travel-Case.jpg, https://americanbreastcare.com/wp-content/uploads/2019/11/breastform-wash.jpg, https://americanbreastcare.com/wp-content/uploads/2019/05/921-Bra-Extender.jpg, https://americanbreastcare.com/wp-content/uploads/2026/03/1-Groove-Pad-Product.png, https://americanbreastcare.com/wp-content/uploads/2019/05/Breast-Form-Cover.jpg",,Color,"Pink, Pink Suede",1,1,Size,"1, 2, 3, 4, 5",1,1
variation,ABC-1001-V,1001 Travel and Storage Case,1,,visible,,,taxable,1,26.00,,,,ABC-1001,Color,,,1,Size,,,1
simple,ABC-941,941 ABC Breast Form Wash,0,0,visible,"ABC’s all-natural, organic wash effectively cleans and maintains the shape and form of your ABC breast form. Our gentle formula neutralizes odors to restore freshness and rinses completely clean for a smooth feel.","ABC’s all-natural, organic wash effectively cleans and maintains the shape and form of your ABC breast form. Our gentle formula neutralizes odors to restore freshness and rinses completely clean for a smooth feel. Instructions: Rinse your breast form in cool water. Apply a drop of ABC Breast Form Wash and massage gently. Rinse well and pat dry.",taxable,1,,Accessories,puffs,"https://americanbreastcare.com/wp-content/uploads/2019/11/breastform-wash.jpg, https://americanbreastcare.com/wp-content/uploads/2019/05/921-Bra-Extender.jpg, https://americanbreastcare.com/wp-content/uploads/2019/05/920-Strap-Cushions.jpg, https://americanbreastcare.com/wp-content/uploads/2019/05/951P-beige-300x300.jpg, https://americanbreastcare.com/wp-content/uploads/2019/04/932.jpg",,,,,,Size,One size; 118 ml,1,1
simple,ABC-927,927 ABC Form Clean,0,0,visible,"Specially formulated for use with the Massage Form ®Attach and the Massage Form ® Shaper Attach (styles 10475 and 11485), our mild liquid cleanser gently removes residue and restores the adhesive surface of our attachable back breast prostheses.","Specially formulated for use with the Massage Form ®Attach and the Massage Form ® Shaper Attach (styles 10475 and 11485), our mild liquid cleanser gently removes residue and restores the adhesive surface of our attachable back breast prostheses.",taxable,1,,Accessories,puffs,"https://americanbreastcare.com/wp-content/uploads/2019/05/927-ABC-Form-Clean.jpg, https://americanbreastcare.com/wp-content/uploads/2019/05/519-with-belt-919.png, https://americanbreastcare.com/wp-content/uploads/2026/03/1-Groove-Pad-Product.png, https://americanbreastcare.com/wp-content/uploads/2019/05/920-Strap-Cushions.jpg, https://americanbreastcare.com/wp-content/uploads/2019/05/903-Bust-Covers.jpg",,,,,,Size,One size; 250 ml (Approximately 250 uses),1,1
simple,ABC-908,908 Fiber Fill Pouch,1,0,visible,Need a bit more fiber fill? Our hypoallergenic fiber fill is available for individual purchase.,Need a bit more fiber fill? Our hypoallergenic fiber fill is available for individual purchase.,taxable,1,3.00,Accessories,bra pieces,"https://americanbreastcare.com/wp-content/uploads/2019/05/908-Fiber-Fill-Pouch.jpg, https://americanbreastcare.com/wp-content/uploads/2019/05/921-Bra-Extender.jpg, https://americanbreastcare.com/wp-content/uploads/2019/05/927-ABC-Form-Clean.jpg, https://americanbreastcare.com/wp-content/uploads/2019/05/903-Bust-Covers.jpg, https://americanbreastcare.com/wp-content/uploads/2019/05/922-Drain-Pouches-White-Background.jpg",,,,,,Size,One Size,1,1
simple,ABC-928,928 Bra Wash Bag,0,0,visible,"Soft mesh bag protects delicates from tangles, snags and tears. Zip closure keeps contents secure.","Soft mesh bag protects delicates from tangles, snags and tears. Zip closure keeps contents secure.",taxable,1,,Accessories,bra pieces,"https://americanbreastcare.com/wp-content/uploads/2019/05/928-Bra-Wash-Bag.jpg, https://americanbreastcare.com/wp-content/uploads/2019/05/908-Fiber-Fill-Pouch.jpg, https://americanbreastcare.com/wp-content/uploads/2019/05/Breast-Form-Cover.jpg, https://americanbreastcare.com/wp-content/uploads/2019/05/924-Clear-Bra-Straps-White-Background.jpg, https://americanbreastcare.com/wp-content/uploads/2019/05/951P-beige-300x300.jpg",,Color,White,1,1,Size,One Size,1,1
variable,ABC-925,925 CareCloth Pack,1,0,visible,"A pair of fabric covers for the Massage Form® Attach, style 10475, to be used when the breast form is not worn or not attached to the chest wall. It is made with a textured polyethylene side which adheres directly to the back of the breast form to help maintain the effectiveness of the adhesive.","A pair of fabric covers for the Massage Form® Attach, style 10475, to be used when the breast form is not worn or not attached to the chest wall. It is made with a textured polyethylene side which adheres directly to the back of the breast form to help maintain the effectiveness of the adhesive. (Sold in pairs)",taxable,1,,Accessories,puffs,"https://americanbreastcare.com/wp-content/uploads/2019/05/925-CareCloth-Pack.jpg, https://americanbreastcare.com/wp-content/uploads/2019/05/924-Clear-Bra-Straps-White-Background.jpg, https://americanbreastcare.com/wp-content/uploads/2019/04/932.jpg, https://americanbreastcare.com/wp-content/uploads/2019/05/Breast-Form-Cover.jpg, https://americanbreastcare.com/wp-content/uploads/2019/05/921-Bra-Extender.jpg",,Color,Beige,1,1,Size,"1, 2, 3, 4, 5, 6, 7, 8, 9, 10, 11, 12",1,1
variation,ABC-925-V,925 CareCloth Pack,1,,visible,,,taxable,1,5.00,,,,ABC-925,Color,,,1,Size,,,1
simple,ABC-920,920 Strap Cushions,0,0,visible,,"Clear, silicone cushions slide under bra straps for easy wear, comfort and reduced movement. (Sold in pairs)",taxable,1,,Accessories,bra pieces,"https://americanbreastcare.com/wp-content/uploads/2019/05/920-Strap-Cushions.jpg, https://americanbreastcare.com/wp-content/uploads/2019/05/924-Clear-Bra-Straps-White-Background.jpg, https://americanbreastcare.com/wp-content/uploads/2019/05/921-Bra-Extender.jpg, https://americanbreastcare.com/wp-content/uploads/2019/05/925-CareCloth-Pack.jpg, https://americanbreastcare.com/wp-content/uploads/2026/03/1-Groove-Pad-Product.png",,Color,Clear,1,1,Size,One Size,1,1
variable,ABC-951P,951 Puff,0,0,visible,"You’ll love the customizable fit and exceptional softness of ABC’s Post-Surgical Puff. Featuring a seamless design for a soothing touch, our puff helps to restore symmetry for women healing after breast surgery. Our unique fiber fill allows for a completely personalized wearing experience.","You’ll love the customizable fit and exceptional softness of ABC’s Post-Surgical Puff. Featuring a seamless design for a soothing touch, our puff helps to restore symmetry for women healing after breast surgery. Our unique fiber fill allows for a completely personalized wearing experience.",taxable,1,,Accessories,Post-Surgical,"https://americanbreastcare.com/wp-content/uploads/2019/05/951P-beige-300x300.jpg, https://americanbreastcare.com/wp-content/uploads/2019/08/10373-back.webp, https://americanbreastcare.com/wp-content/uploads/2019/05/123-White-2.webp, https://americanbreastcare.com/wp-content/uploads/2023/02/1-Blush-10282.jpg, https://americanbreastcare.com/wp-content/uploads/2019/04/1041.jpg",,Color,"Blush, Black, White",1,1,Size,"S, M, L, XL, 2XL, 3XL, 4XL",1,1
variation,ABC-951P-V,951 Puff,0,,visible,,,taxable,1,,,,,ABC-951P,Color,,,1,Size,,,1
simple,ABC-924,924 Clear Bra Straps,0,0,visible,,"A pair of slip-resistant, clear straps that are a great alternative to fabric straps. (Sold in pairs)",taxable,1,,Accessories,bra pieces,"https://americanbreastcare.com/wp-content/uploads/2019/05/924-Clear-Bra-Straps-White-Background.jpg, https://americanbreastcare.com/wp-content/uploads/2019/05/908-Fiber-Fill-Pouch.jpg, https://americanbreastcare.com/wp-content/uploads/2019/04/914-Post-Surgical-Kit.jpg, https://americanbreastcare.com/wp-content/uploads/2019/05/519-with-belt-919.png, https://americanbreastcare.com/wp-content/uploads/2026/03/1-Groove-Pad-Product.png",,Color,Clear,1,1,Size,One Size,1,1
variable,ABC-921,921 Bra Extender,0,0,visible,Each bra extender measures one yard and three columns wide. Trim as little or as much as needed.,Each bra extender measures one yard and three columns wide. Trim as little or as much as needed.,taxable,1,,Accessories,bra pieces,"https://americanbreastcare.com/wp-content/uploads/2019/05/921-Bra-Extender.jpg, https://americanbreastcare.com/wp-content/uploads/2019/05/906-ABC-Nipple.jpg, https://americanbreastcare.com/wp-content/uploads/2019/05/903-Bust-Covers.jpg, https://americanbreastcare.com/wp-content/uploads/2019/05/922-Drain-Pouches-White-Background.jpg, https://americanbreastcare.com/wp-content/uploads/2019/05/925-CareCloth-Pack.jpg",,Color,"Beige, Black, White",1,1,Size,One Size,1,1
variation,ABC-921-V,921 Bra Extender,0,,visible,,,taxable,1,,,,,ABC-921,Color,,,1,Size,,,1
variable,ABC-919,919 Compression Belt,1,0,visible,"ABC’s Velcro-Attachable Belt can be worn with our Compression Bra, Style 519. Use to keep implants from shifting upwards after reconstruction and helps to maintain the shape of your breast after surgery. See chart for belt sizing guide.","ABC’s Velcro-Attachable Belt can be worn with our Compression Bra, Style 519. Use to keep implants from shifting upwards after reconstruction and helps to maintain the shape of your breast after surgery. See chart for belt sizing guide.",taxable,1,,"Accessories, Recovery",bra pieces,"https://americanbreastcare.com/wp-content/uploads/2019/05/519-with-belt-919.png, https://americanbreastcare.com/wp-content/uploads/2026/03/1-Groove-Pad-Product.png, https://americanbreastcare.com/wp-content/uploads/2019/05/925-CareCloth-Pack.jpg, https://americanbreastcare.com/wp-content/uploads/2019/05/908-Fiber-Fill-Pouch.jpg, https://americanbreastcare.com/wp-content/uploads/2019/05/920-Strap-Cushions.jpg",,Color,"Beige, Black, White",1,1,Size,XS – 6XL,1,1
variation,ABC-919-V,919 Compression Belt,1,,visible,,,taxable,1,21.50,,,,ABC-919,Color,,,1,Size,,,1
variable,ABC-903,903 Bust Covers,0,0,visible,ABC’s Bust Covers are the ideal accessory to add extra projection or to help maintain modesty.,ABC’s Bust Covers are the ideal accessory to add extra projection or to help maintain modesty. (Sold in pairs),taxable,1,,Accessories,puffs,"https://americanbreastcare.com/wp-content/uploads/2019/05/903-Bust-Covers.jpg, https://americanbreastcare.com/wp-content/uploads/2019/05/901-Custom-Nipples.jpg, https://americanbreastcare.com/wp-content/uploads/2019/05/924-Clear-Bra-Straps-White-Background.jpg, https://americanbreastcare.com/wp-content/uploads/2019/05/921-Bra-Extender.jpg, https://americanbreastcare.com/wp-content/uploads/2019/05/906-ABC-Nipple.jpg",,Color,Beige,1,1,Size,"S, M, L, XL",1,1
variation,ABC-903-V,903 Bust Covers,0,,visible,,,taxable,1,,,,,ABC-903,Color,,,1,Size,,,1
variable,ABC-922,922 Drain Pouches,0,0,visible,"Soft pouches are designed to hold post-surgical drain bulbs after breast surgery and are lined with Velcro for easy attachment to your camisole/ bra band. Our design features a larger opening to accommodate Jackson-Pratt, Hemovac, and other drain management systems!","Soft pouches are designed to hold post-surgical drain bulbs after breast surgery and are lined with Velcro for easy attachment to your camisole/ bra band. Our design features a larger opening to accommodate Jackson-Pratt, Hemovac, and other drain management systems! (Sold in pairs)",taxable,1,,"Accessories, Recovery",bra pieces,"https://americanbreastcare.com/wp-content/uploads/2019/05/922-Drain-Pouches-White-Background.jpg, https://americanbreastcare.com/wp-content/uploads/2019/05/920-Strap-Cushions.jpg, https://americanbreastcare.com/wp-content/uploads/2019/04/932.jpg, https://americanbreastcare.com/wp-content/uploads/2019/05/928-Bra-Wash-Bag.jpg, https://americanbreastcare.com/wp-content/uploads/2026/03/1-Groove-Pad-Product.png",,Color,"Beige, Black, White",1,1,Size,One Size,1,1
variation,ABC-922-V,922 Drain Pouches,0,,visible,,,taxable,1,,,,,ABC-922,Color,,,1,Size,,,1
variable,ABC-906,906 ABC Nipple,1,0,visible,,"Made of soft silicone with an adhesive back, this nipple prosthesis can be securely attached to a breast form, shaper, or reconstructed breast. (Sold individually)",taxable,1,,Accessories,puffs,"https://americanbreastcare.com/wp-content/uploads/2019/05/906-ABC-Nipple.jpg, https://americanbreastcare.com/wp-content/uploads/2019/05/922-Drain-Pouches-White-Background.jpg, https://americanbreastcare.com/wp-content/uploads/2019/05/901-Custom-Nipples.jpg, https://americanbreastcare.com/wp-content/uploads/2019/05/924-Clear-Bra-Straps-White-Background.jpg, https://americanbreastcare.com/wp-content/uploads/2019/05/927-ABC-Form-Clean.jpg",,Color,"Blush, Ivory, Tawny",1,1,Size,"S (1.5 in.), M (1.75 in.), L (2 in.)",1,1
variation,ABC-906-V,906 ABC Nipple,1,,visible,,,taxable,1,15.00,,,,ABC-906,Color,,,1,Size,,,1
simple,ABC-914,914 Post-Surgical Kit,1,0,visible,ABC’s Post Surgical Kit is equipped with the essential products needed to promote a smooth and comfortable recovery after surgery.,"ABC’s Post Surgical Kit is equipped with the essential products needed to promote a smooth and comfortable recovery after surgery. Kit includes: 1 white Leisure Bra, Style 110 1 Triangle Puff Form, Style 910 1 pair of Drain Pouches, Style 922 Reimbursement: Covered by Medicare, Medicaid, and most private insurance plans.",taxable,1,41.50,"Accessories, Recovery",bra pieces,"https://americanbreastcare.com/wp-content/uploads/2019/04/914-Post-Surgical-Kit.jpg, https://americanbreastcare.com/wp-content/uploads/2019/05/928-Bra-Wash-Bag.jpg, https://americanbreastcare.com/wp-content/uploads/2019/05/927-ABC-Form-Clean.jpg, https://americanbreastcare.com/wp-content/uploads/2019/05/119-white.webp, https://americanbreastcare.com/wp-content/uploads/2019/05/Travel-Case.jpg",,,,,,,,,
simple,ABC-901,901 Nipple Prosthesis,0,0,visible,,Silicone nipple prostheses can be worn directly on the skin or breast forms to enhance projection. (Sold in pairs),taxable,1,,Accessories,puffs,"https://americanbreastcare.com/wp-content/uploads/2019/05/901-Custom-Nipples.jpg, https://americanbreastcare.com/wp-content/uploads/2019/05/928-Bra-Wash-Bag.jpg, https://americanbreastcare.com/wp-content/uploads/2019/05/519-with-belt-919.png, https://americanbreastcare.com/wp-content/uploads/2019/05/920-Strap-Cushions.jpg, https://americanbreastcare.com/wp-content/uploads/2019/05/951P-beige-300x300.jpg",,Color,Tawny,1,1,Size,One Size,1,1
